snapshot_date,expiration,dte,spot,atm_strike,atm_iv,atm_call_iv,atm_put_iv,atm_call_oi,atm_put_oi
2026-05-14,2026-05-14,0,719.79,720.0,0.037851,0.037851,,4304,365
2026-05-14,2026-05-15,1,719.79,720.0,0.157296,0.171395,0.143197,14395,2573
2026-05-14,2026-05-18,4,719.79,720.0,0.154519,0.165231,0.143807,2293,2050
2026-05-14,2026-05-19,5,719.79,720.0,0.172707,0.184212,0.161202,1121,86
2026-05-14,2026-05-20,6,719.79,720.0,0.190072,0.201241,0.178902,1130,366
2026-05-14,2026-05-21,7,719.79,720.0,0.209206,0.220711,0.197701,1400,270
2026-05-14,2026-05-22,8,719.79,720.0,0.217522,0.230934,0.20411,5517,263
2026-05-14,2026-05-29,15,719.79,720.0,0.214119,0.228066,0.200173,7599,277
2026-05-14,2026-06-05,22,719.79,720.0,0.219536,0.234352,0.20472,2062,299
2026-05-14,2026-06-12,29,719.79,720.0,0.219803,0.236656,0.20295,1095,184
2026-05-14,2026-06-18,35,719.79,720.0,0.219788,0.237114,0.202462,9720,1727
2026-05-14,2026-06-26,43,719.79,720.0,0.234444,0.234444,,317,
2026-05-14,2026-06-30,47,719.79,720.0,0.217049,0.23243,0.201668,1424,138
2026-05-14,2026-07-17,64,719.79,720.0,0.221909,0.239861,0.203957,4662,1773
2026-05-14,2026-07-31,78,719.79,720.0,0.227631,0.248299,0.206963,481,69
2026-05-14,2026-08-21,99,719.79,720.0,0.232147,0.25634,0.207955,3126,978
2026-05-14,2026-09-18,127,719.79,720.0,0.235512,0.26252,0.208504,7115,1722
2026-05-14,2026-09-30,139,719.79,720.0,0.235535,0.262008,0.209061,623,36
2026-05-14,2026-10-16,155,719.79,720.0,0.238651,0.266487,0.210816,1178,186
2026-05-14,2026-12-18,218,719.79,720.0,0.244705,0.278228,0.211182,8281,199
2026-05-14,2026-12-31,231,719.79,720.0,0.243919,0.277961,0.209877,2379,1348
2026-05-14,2027-01-15,246,719.79,720.0,0.245331,0.280372,0.210289,1731,226
2026-05-14,2027-03-19,309,719.79,720.0,0.248501,0.288207,0.208794,581,39
2026-05-14,2027-03-31,321,719.79,720.0,0.248402,0.288246,0.208557,67,275
2026-05-14,2027-06-17,399,719.79,720.0,0.251987,0.298431,0.205544,3017,120
2026-05-14,2027-09-17,491,719.79,720.0,0.253729,0.305194,0.202263,184,7
2026-05-14,2027-12-17,582,719.79,720.0,0.252348,0.305232,0.199463,393,101
2026-05-14,2028-01-21,617,719.79,720.0,0.256922,0.311328,0.202515,275,34
2026-05-14,2028-06-16,764,719.79,720.0,0.256372,0.317962,0.194783,331,11
2026-05-14,2028-12-15,946,719.79,720.0,0.258575,0.32698,0.190171,57,11
2026-05-15,2026-05-15,0,708.93,709.0,0.213753,,0.213753,3027,6954
2026-05-15,2026-05-18,3,708.93,709.0,0.143044,0.112314,0.173775,1497,1008
2026-05-15,2026-05-19,4,708.93,709.0,0.168099,0.141488,0.19471,267,288
2026-05-15,2026-05-20,5,708.93,709.0,0.198677,0.175484,0.221871,493,278
2026-05-15,2026-05-21,6,708.93,709.0,0.219322,0.199257,0.239387,100,164
2026-05-15,2026-05-22,7,708.93,709.0,0.226662,0.210762,0.242561,1727,383
2026-05-15,2026-05-26,11,708.93,709.0,0.208947,0.19703,0.220864,67,106
2026-05-15,2026-05-27,12,708.93,709.0,0.213112,0.202401,0.223824,0,13
2026-05-15,2026-05-28,13,708.93,709.0,0.217461,0.207863,0.227059,1,11
2026-05-15,2026-05-29,14,708.93,709.0,0.222222,0.214607,0.229836,175,256
2026-05-15,2026-06-05,21,708.93,709.0,0.223961,0.221413,0.226509,39,167
2026-05-15,2026-06-12,28,708.93,709.0,0.224625,0.225594,0.223656,159,113
2026-05-15,2026-06-18,34,708.93,709.0,0.225716,0.229332,0.222099,286,152
2026-05-15,2026-06-26,42,708.93,709.0,0.223686,0.226067,0.221306,12,90
2026-05-15,2026-06-30,46,708.93,709.0,0.221848,0.224617,0.219078,45,5
2026-05-15,2026-07-17,63,708.93,710.0,0.223992,0.231163,0.21682,4355,1603
2026-05-15,2026-07-31,77,708.93,709.0,0.228829,0.239342,0.218315,173,72
2026-05-15,2026-08-21,98,708.93,710.0,0.230576,0.24482,0.216332,1469,1013
2026-05-15,2026-09-18,126,708.93,710.0,0.234314,0.253303,0.215325,23852,1365
2026-05-15,2026-09-30,138,708.93,710.0,0.236549,0.257454,0.215645,369,398
2026-05-15,2026-10-16,154,708.93,710.0,0.237221,0.258537,0.215904,1255,232
2026-05-15,2026-12-18,217,708.93,710.0,0.243629,0.271293,0.215965,3484,1517
2026-05-15,2026-12-31,230,708.93,710.0,0.247234,0.27552,0.218949,1726,1526
2026-05-15,2027-01-15,245,708.93,710.0,0.243774,0.273864,0.213684,1368,216
2026-05-15,2027-03-19,308,708.93,710.0,0.251304,0.286544,0.216065,2688,588
2026-05-15,2027-03-31,320,708.93,710.0,0.249607,0.287216,0.211998,177,450
2026-05-15,2027-06-17,398,708.93,710.0,0.255829,0.296874,0.214783,2261,657
2026-05-15,2027-09-17,490,708.93,710.0,0.256164,0.301566,0.210762,435,16
2026-05-15,2027-12-17,581,708.93,710.0,0.254518,0.30685,0.202187,912,1037
2026-05-15,2028-01-21,616,708.93,710.0,0.254715,0.307708,0.201722,190,20
2026-05-15,2028-06-16,763,708.93,710.0,0.2563,0.315231,0.197369,100,60
2026-05-15,2028-12-15,945,708.93,710.0,0.258381,0.323966,0.192795,113,125
2026-05-18,2026-05-18,0,705.88,706.0,0.326911,,0.326911,1066,2704
2026-05-18,2026-05-19,1,705.88,706.0,0.159982,0.141976,0.177987,337,422
2026-05-18,2026-05-20,2,705.88,706.0,0.201516,0.191536,0.211495,157,365
2026-05-18,2026-05-21,3,705.88,706.0,0.241157,0.240486,0.241829,41,1218
2026-05-18,2026-05-22,4,705.88,706.0,0.245125,0.240547,0.249702,904,804
2026-05-18,2026-05-26,8,705.88,706.0,0.217873,0.214119,0.221626,37,153
2026-05-18,2026-05-27,9,705.88,706.0,0.216881,0.217934,0.215828,21,45
2026-05-18,2026-05-28,10,705.88,706.0,0.219475,0.22007,0.21888,31,93
2026-05-18,2026-05-29,11,705.88,706.0,0.223854,0.22657,0.221138,766,471
2026-05-18,2026-06-05,18,705.88,706.0,0.221642,0.228157,0.215126,136,319
2026-05-18,2026-06-12,25,705.88,706.0,0.219612,0.229103,0.210121,136,163
2026-05-18,2026-06-18,31,705.88,706.0,0.220993,0.234215,0.207772,302,455
2026-05-18,2026-06-26,39,705.88,706.0,0.216339,0.225578,0.2071,95,174
2026-05-18,2026-06-30,43,705.88,706.0,0.214302,0.223671,0.204933,4,59
2026-05-18,2026-07-17,60,705.88,705.0,0.21669,0.228691,0.204689,2757,1704
2026-05-18,2026-07-31,74,705.88,706.0,0.221543,0.237404,0.205681,42,89
2026-05-18,2026-08-21,95,705.88,705.0,0.224877,0.244041,0.205712,1696,920
2026-05-18,2026-09-18,123,705.88,705.0,0.230034,0.252235,0.207833,4371,2912
2026-05-18,2026-09-30,135,705.88,705.0,0.228722,0.251404,0.20604,221,33
2026-05-18,2026-10-16,151,705.88,705.0,0.231453,0.256248,0.206658,434,469
2026-05-18,2026-12-18,214,705.88,705.0,0.238155,0.269188,0.207123,1803,722
2026-05-18,2026-12-31,227,705.88,705.0,0.238358,0.269714,0.207001,1983,92
2026-05-18,2027-01-15,242,705.88,705.0,0.239376,0.272552,0.2062,1382,449
2026-05-18,2027-03-19,305,705.88,705.0,0.24617,0.280624,0.211716,466,93
2026-05-18,2027-03-31,317,705.88,705.0,0.243172,0.281257,0.205086,296,1146
2026-05-18,2027-06-17,395,705.88,705.0,0.252302,0.29634,0.208264,643,240
2026-05-18,2027-09-17,487,705.88,705.0,0.251793,0.301193,0.202393,272,168
2026-05-18,2027-12-17,578,705.88,705.0,0.254442,0.306621,0.202263,221,129
2026-05-18,2028-01-21,613,705.88,705.0,0.254045,0.307521,0.20057,64,17
2026-05-18,2028-06-16,760,705.88,705.0,0.255161,0.315223,0.195099,200,9
2026-05-18,2028-12-15,942,705.88,705.0,0.258121,0.32529,0.190953,71,8
2026-05-19,2026-05-19,0,701.53,702.0,0.025828,0.021982,0.029673,2304,2284
2026-05-19,2026-05-20,1,701.53,702.0,0.181222,0.182869,0.179574,1263,952
2026-05-19,2026-05-21,2,701.53,702.0,0.224251,0.227791,0.220711,207,729
2026-05-19,2026-05-22,3,701.53,702.0,0.230934,0.238594,0.223274,329,1414
2026-05-19,2026-05-26,7,701.53,702.0,0.191903,,0.191903,,149
2026-05-19,2026-05-27,8,701.53,702.0,0.202752,0.209328,0.196175,55,82
2026-05-19,2026-05-28,9,701.53,702.0,0.208321,0.215645,0.200997,18,126
2026-05-19,2026-05-29,10,701.53,702.0,0.214272,0.223091,0.205452,2452,953
2026-05-19,2026-06-05,17,701.53,702.0,0.21682,0.227974,0.205666,204,292
2026-05-19,2026-06-12,24,701.53,702.0,0.216545,0.229347,0.203743,96,155
2026-05-19,2026-06-18,30,701.53,702.0,0.216713,0.231209,0.202217,176,307
2026-05-19,2026-06-26,38,701.53,702.0,0.214592,0.22657,0.202614,100,106
2026-05-19,2026-06-30,42,701.53,702.0,0.212807,0.224739,0.200875,20,65
2026-05-19,2026-07-17,59,701.53,700.0,0.218132,0.233894,0.20237,7962,11233
2026-05-19,2026-07-31,73,701.53,702.0,0.220345,0.238243,0.202446,32,98
2026-05-19,2026-08-21,94,701.53,700.0,0.225151,0.246544,0.203759,3033,7949
2026-05-19,2026-09-18,122,701.53,700.0,0.229061,0.254036,0.204087,12245,28639
2026-05-19,2026-09-30,134,701.53,700.0,0.231232,0.257805,0.204659,2683,314
2026-05-19,2026-10-16,150,701.53,700.0,0.233837,0.262062,0.205612,2556,1839
2026-05-19,2026-12-18,213,701.53,700.0,0.239662,0.272575,0.206749,14402,6541
2026-05-19,2026-12-31,226,701.53,700.0,0.244984,0.278289,0.211678,1525,584
2026-05-19,2027-01-15,241,701.53,700.0,0.240253,0.276283,0.204224,8597,2525
2026-05-19,2027-03-19,304,701.53,700.0,0.24683,0.287048,0.206612,1453,2179
2026-05-19,2027-03-31,316,701.53,700.0,0.245071,0.286552,0.203591,217,39
2026-05-19,2027-06-17,394,701.53,700.0,0.251261,0.296325,0.206196,1826,603
2026-05-19,2027-09-17,486,701.53,700.0,0.250913,0.302665,0.199162,264,247
2026-05-19,2027-12-17,577,701.53,700.0,0.252704,0.308624,0.196785,1692,314
2026-05-19,2028-01-21,612,701.53,700.0,0.250408,0.304855,0.195961,4182,331
2026-05-19,2028-06-16,759,701.53,700.0,0.255514,0.319289,0.191739,421,103
2026-05-19,2028-12-15,941,701.53,700.0,0.258652,0.329238,0.188065,2097,674
2026-05-20,2026-05-20,0,713.15,713.0,0.153756,0.108407,0.199105,2801,839
2026-05-20,2026-05-21,1,713.15,713.0,0.212227,0.18348,0.240974,950,375
2026-05-20,2026-05-22,2,713.15,713.0,0.223885,0.213021,0.234749,3489,2309
2026-05-20,2026-05-26,6,713.15,713.0,0.225914,0.223488,0.22834,294,128
2026-05-20,2026-05-27,7,713.15,713.0,0.220116,0.205727,0.234505,172,58
2026-05-20,2026-05-28,8,713.15,713.0,0.228355,0.221047,0.235664,166,106
2026-05-20,2026-05-29,9,713.15,713.0,0.240837,0.242836,0.238838,349,243
2026-05-20,2026-06-05,16,713.15,713.0,0.222923,0.226143,0.219704,232,156
2026-05-20,2026-06-12,23,713.15,713.0,0.229729,0.236824,0.222634,149,141
2026-05-20,2026-06-18,29,713.15,713.0,0.220375,0.228981,0.211769,675,451
2026-05-20,2026-06-26,37,713.15,713.0,0.220925,0.230476,0.211373,73,71
2026-05-20,2026-06-30,41,713.15,713.0,0.214867,0.222862,0.206871,92,87
2026-05-20,2026-07-17,58,713.15,715.0,0.215843,0.226372,0.205315,3849,4738
2026-05-20,2026-07-31,72,713.15,713.0,0.229744,0.245033,0.214455,50,39
2026-05-20,2026-08-21,93,713.15,715.0,0.227688,0.248413,0.206963,1278,701
2026-05-20,2026-09-18,121,713.15,715.0,0.233997,0.25608,0.211914,3491,4348
2026-05-20,2026-09-30,133,713.15,715.0,0.230415,0.252006,0.208824,113,123
2026-05-20,2026-10-16,149,713.15,715.0,0.232803,0.256477,0.20913,2714,156
2026-05-20,2026-12-18,212,713.15,715.0,0.239307,0.269485,0.20913,2941,379
2026-05-20,2026-12-31,225,713.15,715.0,0.243751,0.274086,0.213417,1232,643
2026-05-20,2027-01-15,240,713.15,715.0,0.244469,0.276626,0.212311,1411,313
2026-05-20,2027-03-19,303,713.15,715.0,0.244339,0.281654,0.207024,296,135
2026-05-20,2027-03-31,315,713.15,715.0,0.247688,0.28527,0.210106,750,106
2026-05-20,2027-06-17,393,713.15,715.0,0.249937,0.291297,0.208576,2925,821
2026-05-20,2027-09-17,485,713.15,715.0,0.252731,0.300788,0.204674,103,61
2026-05-20,2027-12-17,576,713.15,715.0,0.253185,0.305846,0.200524,410,533
2026-05-20,2028-01-21,611,713.15,715.0,0.253412,0.306636,0.200188,135,709
2026-05-20,2028-06-16,758,713.15,715.0,0.25173,0.308921,0.194539,225,13
2026-05-20,2028-12-15,940,713.15,715.0,0.256895,0.323558,0.190232,59,17
2026-05-21,2026-05-21,0,714.51,715.0,0.027353,0.027353,,5076,1229
2026-05-21,2026-05-22,1,714.51,715.0,0.156289,0.168648,0.143929,14218,3098
2026-05-21,2026-05-26,5,714.51,715.0,0.148995,0.157052,0.140939,1618,440
2026-05-21,2026-05-27,6,714.51,715.0,0.17466,0.180611,0.168709,662,357
2026-05-21,2026-05-28,7,714.51,715.0,0.17405,0.184578,0.163522,770,633
2026-05-21,2026-05-29,8,714.51,715.0,0.189461,0.206429,0.172494,7021,1015
2026-05-21,2026-06-05,15,714.51,715.0,0.196297,0.207405,0.185189,3173,1536
2026-05-21,2026-06-12,22,714.51,715.0,0.20237,0.215187,0.189553,971,1392
2026-05-21,2026-06-18,28,714.51,715.0,0.205666,0.220131,0.191201,12451,7162
2026-05-21,2026-06-26,36,714.51,715.0,0.204522,0.216713,0.19233,217,271
2026-05-21,2026-06-30,40,714.51,715.0,0.202927,0.21508,0.190773,1671,828
2026-05-21,2026-07-17,57,714.51,715.0,0.211327,0.226509,0.196145,3797,4613
2026-05-21,2026-07-31,71,714.51,715.0,0.215531,0.233421,0.19764,196,183
2026-05-21,2026-08-21,92,714.51,715.0,0.219795,0.241341,0.19825,1479,957
2026-05-21,2026-09-18,120,714.51,715.0,0.224613,0.249779,0.199448,3489,3927
2026-05-21,2026-09-30,132,714.51,715.0,0.224838,0.249596,0.200081,112,122
2026-05-21,2026-10-16,148,714.51,715.0,0.22789,0.254692,0.201088,2737,161
2026-05-21,2026-12-18,211,714.51,715.0,0.23518,0.268165,0.202195,2943,412
2026-05-21,2026-12-31,224,714.51,715.0,0.234905,0.267799,0.202011,1235,651
2026-05-21,2027-01-15,239,714.51,715.0,0.235855,0.27034,0.201371,1412,295
2026-05-21,2027-03-19,302,714.51,715.0,0.239666,0.279228,0.200104,297,149
2026-05-21,2027-03-31,314,714.51,715.0,0.24099,0.281959,0.20002,749,108
2026-05-21,2027-06-17,392,714.51,715.0,0.244701,0.290061,0.199341,2924,837
2026-05-21,2027-09-17,484,714.51,715.0,0.249498,0.301807,0.19719,100,61
2026-05-21,2027-12-17,575,714.51,715.0,0.251303,0.306731,0.195874,430,533
2026-05-21,2028-01-21,610,714.51,715.0,0.252701,0.307479,0.197922,133,709
2026-05-21,2028-06-16,757,714.51,715.0,0.253546,0.31462,0.192471,226,13
2026-05-21,2028-12-15,939,714.51,715.0,0.256241,0.324142,0.18834,62,11
2026-05-22,2026-05-22,0,717.54,718.0,0.047312,0.033091,0.061533,5458,874
2026-05-22,2026-05-26,4,717.54,718.0,0.116983,0.121591,0.112375,504,354
2026-05-22,2026-05-27,5,717.54,718.0,0.14251,0.141,0.144021,221,106
2026-05-22,2026-05-28,6,717.54,718.0,0.164468,0.167855,0.16108,302,171
2026-05-22,2026-05-29,7,717.54,718.0,0.17051,0.175912,0.165108,552,283
2026-05-22,2026-06-05,14,717.54,718.0,0.193108,0.200661,0.185555,792,207
2026-05-22,2026-06-12,21,717.54,718.0,0.201714,0.212502,0.190926,219,89
2026-05-22,2026-06-18,27,717.54,718.0,0.205796,0.218498,0.193093,1337,474
2026-05-22,2026-06-26,35,717.54,718.0,0.205689,0.215386,0.195992,101,82
2026-05-22,2026-06-30,39,717.54,718.0,0.204369,0.21415,0.194588,255,58
2026-05-22,2026-07-17,56,717.54,720.0,0.208329,0.222603,0.194054,7312,3523
2026-05-22,2026-07-31,70,717.54,718.0,0.219261,0.236092,0.202431,64,45
2026-05-22,2026-08-21,91,717.54,720.0,0.218682,0.239082,0.198281,3243,2095
2026-05-22,2026-09-18,119,717.54,720.0,0.223358,0.247551,0.199166,7519,2018
2026-05-22,2026-09-30,131,717.54,720.0,0.225231,0.250389,0.200074,596,58
2026-05-22,2026-10-16,147,717.54,720.0,0.227402,0.252945,0.201859,896,281
2026-05-22,2026-12-18,210,717.54,720.0,0.235249,0.267418,0.20308,8587,5586
2026-05-22,2026-12-31,223,717.54,720.0,0.237671,0.270286,0.205056,2371,1357
2026-05-22,2027-01-15,238,717.54,720.0,0.236115,0.269943,0.202286,1826,219
2026-05-22,2027-03-19,301,717.54,720.0,0.244118,0.2872,0.201035,767,52
2026-05-22,2027-03-31,313,717.54,720.0,0.241959,0.282981,0.200936,132,281
2026-05-22,2027-06-17,391,717.54,720.0,0.24922,0.29523,0.203209,2841,154
2026-05-22,2027-09-17,483,717.54,720.0,0.25136,0.301891,0.200829,156,9
2026-05-22,2027-12-17,574,717.54,720.0,0.250378,0.306625,0.19413,390,103
2026-05-22,2028-01-21,609,717.54,720.0,0.250498,0.307315,0.19368,328,35
2026-05-22,2028-06-16,756,717.54,720.0,0.251837,0.314235,0.189438,312,9
2026-05-22,2028-12-15,938,717.54,720.0,0.254453,0.323546,0.18536,74,18
2026-05-25,2026-05-26,1,717.54,718.0,0.184945,0.192269,0.177621,504,354
2026-05-25,2026-05-27,2,717.54,718.0,0.201546,0.19941,0.203682,221,106
2026-05-25,2026-05-28,3,717.54,718.0,0.217568,0.222054,0.213082,302,171
2026-05-25,2026-05-29,4,717.54,718.0,0.215676,0.222542,0.208809,552,283
2026-05-25,2026-06-01,7,717.54,718.0,0.198571,0.208473,0.188668,88,2
2026-05-25,2026-06-02,8,717.54,718.0,0.205117,0.212105,0.198128,93,41
2026-05-25,2026-06-03,9,717.54,718.0,0.208214,0.215798,0.200631,19,9
2026-05-25,2026-06-04,10,717.54,718.0,0.211708,0.219643,0.203774,,
2026-05-25,2026-06-05,11,717.54,718.0,0.215889,0.224342,0.207436,792,207
2026-05-25,2026-06-12,18,717.54,718.0,0.217049,0.228645,0.205452,219,89
2026-05-25,2026-06-18,24,717.54,718.0,0.217789,0.231239,0.204338,1337,474
2026-05-25,2026-06-26,32,717.54,718.0,0.214836,0.224968,0.204705,101,82
2026-05-25,2026-06-30,36,717.54,718.0,0.212494,0.222664,0.202324,255,58
2026-05-25,2026-07-02,38,717.54,718.0,0.215737,0.227242,0.204232,19,0
2026-05-25,2026-07-17,53,717.54,718.0,0.21669,0.231361,0.202019,40,46
2026-05-25,2026-07-31,67,717.54,718.0,0.224045,0.241249,0.206841,64,45
2026-05-25,2026-08-21,88,717.54,720.0,0.222336,0.24308,0.201592,3243,2095
2026-05-25,2026-09-18,116,717.54,720.0,0.226204,0.250709,0.201699,7519,2018
2026-05-25,2026-09-30,128,717.54,720.0,0.227837,0.253288,0.202385,596,58
2026-05-25,2026-10-16,144,717.54,720.0,0.22974,0.255546,0.203934,896,281
2026-05-25,2026-12-18,207,717.54,720.0,0.236942,0.269348,0.204537,8587,5586
2026-05-25,2026-12-31,220,717.54,720.0,0.239281,0.272117,0.206444,2371,1357
2026-05-25,2027-01-15,235,717.54,720.0,0.23761,0.271652,0.203568,1826,219
2026-05-25,2027-03-19,298,717.54,720.0,0.245338,0.288635,0.202042,767,52
2026-05-25,2027-03-31,310,717.54,720.0,0.243122,0.284339,0.201905,132,281
2026-05-25,2027-06-17,388,717.54,720.0,0.250179,0.296371,0.203987,2841,154
2026-05-25,2027-09-17,480,717.54,720.0,0.252142,0.302833,0.201451,156,9
2026-05-25,2027-12-17,571,717.54,720.0,0.251032,0.307426,0.194638,390,103
2026-05-25,2028-01-21,606,717.54,720.0,0.251118,0.308074,0.194161,328,35
2026-05-25,2028-06-16,753,717.54,720.0,0.252336,0.314861,0.189812,312,9
2026-05-25,2028-12-15,935,717.54,720.0,0.25486,0.324065,0.185654,74,18
2026-05-26,2026-05-26,0,730.28,730.0,0.034678,,0.034678,3245,450
2026-05-26,2026-05-27,1,730.28,730.0,0.137643,0.125558,0.149728,3873,235
2026-05-26,2026-05-28,2,730.28,730.0,0.169228,0.161263,0.177193,2481,1614
2026-05-26,2026-05-29,3,730.28,730.0,0.187081,0.184273,0.189888,12832,138
2026-05-26,2026-06-01,6,730.28,730.0,0.173501,0.172494,0.174508,519,216
2026-05-26,2026-06-02,7,730.28,730.0,0.180749,0.180153,0.181344,512,4
2026-05-26,2026-06-03,8,730.28,730.0,0.187676,0.18821,0.187142,374,1
2026-05-26,2026-06-04,9,730.28,730.0,0.193505,0.194741,0.192269,347,1
2026-05-26,2026-06-05,10,730.28,730.0,0.201027,0.204476,0.197579,2070,177
2026-05-26,2026-06-12,17,730.28,730.0,0.209404,0.216713,0.202095,1561,81
2026-05-26,2026-06-18,23,730.28,730.0,0.213433,0.22358,0.203286,25158,577
2026-05-26,2026-06-26,31,730.28,730.0,0.211869,0.218331,0.205407,610,15
2026-05-26,2026-06-30,35,730.28,730.0,0.209969,0.217751,0.202187,5573,60
2026-05-26,2026-07-02,37,730.28,730.0,0.213578,0.221626,0.205529,232,41
2026-05-26,2026-07-17,52,730.28,730.0,0.216866,0.228951,0.204781,5021,464
2026-05-26,2026-07-31,66,730.28,730.0,0.22168,0.236107,0.207253,525,67
2026-05-26,2026-08-21,87,730.28,730.0,0.226616,0.24543,0.207802,2071,875
2026-05-26,2026-09-18,115,730.28,730.0,0.230698,0.253609,0.207787,3479,606
2026-05-26,2026-09-30,127,730.28,730.0,0.232666,0.256996,0.208336,672,1037
2026-05-26,2026-10-16,143,730.28,730.0,0.235771,0.261535,0.210007,1187,421
2026-05-26,2026-12-18,206,730.28,730.0,0.241489,0.272773,0.210205,11100,2484
2026-05-26,2026-12-31,219,730.28,730.0,0.243797,0.275749,0.211846,1202,3659
2026-05-26,2027-01-15,234,730.28,730.0,0.244686,0.278335,0.211037,5546,1082
2026-05-26,2027-03-19,297,730.28,730.0,0.245121,0.284538,0.205704,2357,96
2026-05-26,2027-03-31,309,730.28,730.0,0.247551,0.288139,0.206963,290,884
2026-05-26,2027-06-17,387,730.28,730.0,0.253679,0.298606,0.208752,1522,605
2026-05-26,2027-09-17,479,730.28,730.0,0.254911,0.302703,0.207119,289,35
2026-05-26,2027-12-17,570,730.28,730.0,0.255127,0.30741,0.202843,1996,843
2026-05-26,2028-01-21,605,730.28,730.0,0.254574,0.309257,0.199891,7855,53
2026-05-26,2028-06-16,752,730.28,730.0,0.256861,0.316535,0.197186,351,0
2026-05-26,2028-12-15,934,730.28,730.0,0.257475,0.326022,0.188927,1824,72
2026-05-27,2026-05-27,0,729.45,729.0,0.066294,0.115976,0.016611,2255,3111
2026-05-27,2026-05-28,1,729.45,729.0,0.138589,0.146249,0.130929,2634,697
2026-05-27,2026-05-29,2,729.45,729.0,0.166878,0.177132,0.156625,1559,1675
2026-05-27,2026-06-01,5,729.45,729.0,0.162545,0.169503,0.155587,709,297
2026-05-27,2026-06-02,6,729.45,729.0,0.172311,0.180489,0.164132,163,152
2026-05-27,2026-06-03,7,729.45,729.0,0.201607,0.201607,,193,
2026-05-27,2026-06-04,8,729.45,729.0,0.19883,0.19883,,65,
2026-05-27,2026-06-05,9,729.45,729.0,0.193413,0.201912,0.184914,1348,3414
2026-05-27,2026-06-12,16,729.45,729.0,0.205773,0.219216,0.19233,697,119
2026-05-27,2026-06-18,22,729.45,729.0,0.211296,0.22654,0.196053,765,326
2026-05-27,2026-06-26,30,729.45,729.0,0.21032,0.221901,0.198738,193,120
2026-05-27,2026-06-30,34,729.45,729.0,0.208046,0.219612,0.19648,237,29
2026-05-27,2026-07-02,36,729.45,729.0,0.228188,0.228188,,46,
2026-05-27,2026-07-17,51,729.45,729.0,0.217072,0.231651,0.202492,95,219
2026-05-27,2026-07-31,65,729.45,729.0,0.240166,0.240166,,66,
2026-05-27,2026-08-21,86,729.45,730.0,0.224556,0.245735,0.203377,2818,985
2026-05-27,2026-09-18,114,729.45,730.0,0.230236,0.255554,0.204918,3574,860
2026-05-27,2026-09-30,126,729.45,730.0,0.230236,0.255554,0.204918,767,1045
2026-05-27,2026-10-16,142,729.45,730.0,0.234005,0.260864,0.207146,1162,458
2026-05-27,2026-12-18,205,729.45,730.0,0.241939,0.275222,0.208657,11274,2552
2026-05-27,2026-12-31,218,729.45,730.0,0.242798,0.275039,0.210556,1207,3674
2026-05-27,2027-01-15,233,729.45,730.0,0.243015,0.276214,0.209816,5564,1097
2026-05-27,2027-03-19,296,729.45,730.0,0.246746,0.28704,0.206452,2364,153
2026-05-27,2027-03-31,308,729.45,730.0,0.248321,0.290557,0.206086,290,898
2026-05-27,2027-06-17,386,729.45,730.0,0.249527,0.295501,0.203553,1726,698
2026-05-27,2027-09-17,478,729.45,730.0,0.254093,0.305129,0.203057,292,37
2026-05-27,2027-12-17,569,729.45,730.0,0.256897,0.310424,0.203369,2002,847
2026-05-27,2028-01-21,604,729.45,730.0,0.256817,0.312186,0.201447,7877,53
2026-05-27,2028-06-16,751,729.45,730.0,0.257801,0.319175,0.196427,351,110
2026-05-27,2028-12-15,933,729.45,730.0,0.258587,0.327308,0.189866,1839,136
2026-05-28,2026-05-28,0,735.6,736.0,0.045053,0.045053,,3405,233
2026-05-28,2026-05-29,1,735.6,736.0,0.132577,0.154,0.111154,1291,247
2026-05-28,2026-06-01,4,735.6,736.0,0.150399,0.150399,,477,
2026-05-28,2026-06-02,5,735.6,736.0,0.150338,0.164925,0.135751,415,24
2026-05-28,2026-06-03,6,735.6,736.0,0.176095,0.176095,,96,
2026-05-28,2026-06-04,7,735.6,736.0,0.184273,0.184273,,85,
2026-05-28,2026-06-05,8,735.6,736.0,0.179375,0.195626,0.163125,2317,63
2026-05-28,2026-06-12,15,735.6,736.0,0.192559,0.209542,0.175576,416,19
2026-05-28,2026-06-18,21,735.6,736.0,0.202797,0.221718,0.183877,3863,375
2026-05-28,2026-06-26,29,735.6,736.0,0.204644,0.21946,0.189827,163,162
2026-05-28,2026-06-30,33,735.6,736.0,0.202614,0.217201,0.188027,174,16
2026-05-28,2026-07-02,35,735.6,736.0,0.225075,0.225075,,89,
2026-05-28,2026-07-17,50,735.6,736.0,0.212998,0.231239,0.194756,76,36
2026-05-28,2026-07-31,64,735.6,736.0,0.240288,0.240288,,8,
2026-05-28,2026-08-21,85,735.6,735.0,0.226112,0.249756,0.202469,1031,758
2026-05-28,2026-09-18,113,735.6,735.0,0.231194,0.258171,0.204216,4415,427
2026-05-28,2026-09-30,125,735.6,735.0,0.232857,0.259712,0.206002,288,239
2026-05-28,2026-10-16,141,735.6,735.0,0.235893,0.264702,0.207085,518,58
2026-05-28,2026-12-18,204,735.6,735.0,0.243767,0.278709,0.208824,6196,406
2026-05-28,2026-12-31,217,735.6,735.0,0.244369,0.281181,0.207558,7301,6309
2026-05-28,2027-01-15,232,735.6,735.0,0.244389,0.280815,0.207962,1440,888
2026-05-28,2027-03-19,295,735.6,735.0,0.248405,0.289932,0.206879,3780,2321
2026-05-28,2027-03-31,307,735.6,735.0,0.249328,0.28939,0.209267,794,36
2026-05-28,2027-06-17,385,735.6,735.0,0.252697,0.299476,0.205918,1490,22
2026-05-28,2027-09-17,477,735.6,735.0,0.257957,0.308898,0.207016,60,17
2026-05-28,2027-12-17,568,735.6,735.0,0.257927,0.31227,0.203583,929,132
2026-05-28,2028-01-21,603,735.6,735.0,0.256689,0.312541,0.200837,92,289
2026-05-28,2028-06-16,750,735.6,735.0,0.25902,0.320399,0.19764,182,9
2026-05-28,2028-12-15,932,735.6,735.0,0.260822,0.329192,0.192452,11,8
2026-05-29,2026-05-29,0,738.31,738.0,0.068735,0.119394,0.018076,4245,1143
2026-05-29,2026-06-01,3,738.31,738.0,0.117196,0.117196,,964,
2026-05-29,2026-06-02,4,738.31,738.0,0.137582,0.137582,,787,
2026-05-29,2026-06-03,5,738.31,738.0,0.163766,0.163766,,203,
2026-05-29,2026-06-04,6,738.31,738.0,0.165353,0.165353,,276,
2026-05-29,2026-06-05,7,738.31,738.0,0.176018,0.184945,0.167092,2889,111
2026-05-29,2026-06-12,14,738.31,738.0,0.197884,0.197884,,1344,
2026-05-29,2026-06-18,20,738.31,738.0,0.202172,0.213692,0.190651,468,212
2026-05-29,2026-06-26,28,738.31,738.0,0.21389,0.21389,,299,
2026-05-29,2026-06-30,32,738.31,738.0,0.208641,0.208641,,276,
2026-05-29,2026-07-02,34,738.31,739.0,0.214272,0.214272,,140,
2026-05-29,2026-07-17,49,738.31,738.0,0.22274,0.22274,,296,
2026-05-29,2026-07-31,63,738.31,738.0,0.235985,0.235985,,11,
2026-05-29,2026-08-21,84,738.31,740.0,0.219979,0.239418,0.200539,1633,564
2026-05-29,2026-09-18,112,738.31,740.0,0.226639,0.250389,0.202889,6954,1066
2026-05-29,2026-09-30,124,738.31,740.0,0.22887,0.253975,0.203766,158,38
2026-05-29,2026-10-16,140,738.31,740.0,0.231499,0.25708,0.205918,573,270
2026-05-29,2026-12-18,203,738.31,740.0,0.240242,0.272377,0.208107,9152,708
2026-05-29,2026-12-31,216,738.31,740.0,0.241417,0.275138,0.207695,4411,3180
2026-05-29,2027-01-15,231,738.31,740.0,0.241203,0.275077,0.207329,5013,812
2026-05-29,2027-03-19,294,738.31,740.0,0.246994,0.284843,0.209145,1307,549
2026-05-29,2027-03-31,306,738.31,740.0,0.247059,0.288497,0.20562,1959,1360
2026-05-29,2027-06-17,384,738.31,740.0,0.249639,0.295761,0.203518,2298,281
2026-05-29,2027-09-17,476,738.31,740.0,0.255794,0.305015,0.206574,163,100
2026-05-29,2027-12-17,567,738.31,740.0,0.257477,0.311294,0.203659,100,504
2026-05-29,2028-01-21,602,738.31,740.0,0.254949,0.311534,0.198365,104,137
2026-05-29,2028-06-16,749,738.31,740.0,0.256864,0.319259,0.19447,254,265
2026-05-29,2028-12-15,931,738.31,740.0,0.259073,0.327926,0.19022,25,40
2026-06-01,2026-06-01,0,742.74,743.0,0.049204,,0.049204,2185,558
2026-06-01,2026-06-02,1,742.74,743.0,0.127786,0.121164,0.134408,919,162
2026-06-01,2026-06-03,2,742.74,743.0,0.157021,0.152902,0.161141,288,29
2026-06-01,2026-06-04,3,742.74,743.0,0.171426,0.168832,0.174019,267,83
2026-06-01,2026-06-05,4,742.74,743.0,0.184609,0.185311,0.183907,1606,559
2026-06-01,2026-06-08,7,742.74,743.0,0.170815,0.172494,0.169137,132,14
2026-06-01,2026-06-09,8,742.74,743.0,0.176613,0.178963,0.174264,126,33
2026-06-01,2026-06-10,9,742.74,743.0,0.185708,0.188729,0.182686,109,36
2026-06-01,2026-06-11,10,742.74,743.0,0.18998,0.193551,0.18641,70,43
2026-06-01,2026-06-12,11,742.74,743.0,0.194924,0.200203,0.189644,243,105
2026-06-01,2026-06-18,17,742.74,743.0,0.204384,0.212868,0.1959,752,134
2026-06-01,2026-06-26,25,742.74,743.0,0.20578,0.211251,0.20031,298,206
2026-06-01,2026-06-30,29,742.74,743.0,0.2034,0.209374,0.197426,152,78
2026-06-01,2026-07-02,31,742.74,743.0,0.218346,0.218346,,9,
2026-06-01,2026-07-10,39,742.74,742.5,0.209725,0.219322,0.200127,29,3
2026-06-01,2026-07-17,46,742.74,743.0,0.213265,0.224938,0.201592,166,57
2026-06-01,2026-07-31,60,742.74,743.0,0.220329,0.235115,0.205544,37,26
2026-06-01,2026-08-21,81,742.74,745.0,0.225105,0.243492,0.206719,1587,282
2026-06-01,2026-08-31,91,742.74,743.0,0.227192,0.247024,0.20736,72,2
2026-06-01,2026-09-18,109,742.74,745.0,0.230866,0.253532,0.208199,2463,452
2026-06-01,2026-09-30,121,742.74,745.0,0.232948,0.255165,0.210732,171,7
2026-06-01,2026-10-16,137,742.74,745.0,0.237381,0.263054,0.211708,1971,522
2026-06-01,2026-12-18,200,742.74,745.0,0.244625,0.276001,0.213249,5898,295
2026-06-01,2026-12-31,213,742.74,745.0,0.244129,0.275665,0.212593,4104,760
2026-06-01,2027-01-15,228,742.74,745.0,0.245155,0.278892,0.211418,836,144
2026-06-01,2027-03-19,291,742.74,745.0,0.249779,0.288513,0.211045,1753,114
2026-06-01,2027-03-31,303,742.74,745.0,0.249504,0.288047,0.210961,1992,1
2026-06-01,2027-06-17,381,742.74,745.0,0.256977,0.299934,0.21402,2382,276
2026-06-01,2027-09-17,473,742.74,745.0,0.259039,0.307872,0.210205,2032,9
2026-06-01,2027-12-17,564,742.74,745.0,0.260618,0.313659,0.207577,233,700
2026-06-01,2028-01-21,599,742.74,745.0,0.259582,0.313747,0.205418,57,6
2026-06-01,2028-06-16,746,742.74,745.0,0.260269,0.320941,0.199597,178,1
2026-06-01,2028-12-15,928,742.74,745.0,0.26317,0.330222,0.196118,9,25
2026-06-02,2026-06-02,0,746.16,746.0,0.063364,0.063364,,4356,464
2026-06-02,2026-06-03,1,746.16,746.0,0.137033,0.156991,0.117074,527,142
2026-06-02,2026-06-04,2,746.16,746.0,0.170449,0.190438,0.15046,921,63
2026-06-02,2026-06-05,3,746.16,746.0,0.190621,0.203743,0.177498,966,166
2026-06-02,2026-06-08,6,746.16,746.0,0.168847,0.1829,0.154794,387,99
2026-06-02,2026-06-09,7,746.16,746.0,0.179055,0.194466,0.163644,478,33
2026-06-02,2026-06-10,8,746.16,746.0,0.201546,0.201546,,101,
2026-06-02,2026-06-11,9,746.16,746.0,0.206215,0.206215,,60,
2026-06-02,2026-06-12,10,746.16,746.0,0.195275,0.208412,0.182137,1061,44
2026-06-02,2026-06-18,16,746.16,746.0,0.208153,0.225258,0.191048,879,105
2026-06-02,2026-06-26,24,746.16,746.0,0.209923,0.222084,0.197762,234,63
2026-06-02,2026-06-30,28,746.16,746.0,0.209221,0.222542,0.1959,190,13
2026-06-02,2026-07-02,30,746.16,746.0,0.212731,0.226418,0.199044,22,15
2026-06-02,2026-07-10,38,746.16,747.0,0.228005,0.228005,,100,
2026-06-02,2026-07-17,45,746.16,746.0,0.217964,0.234261,0.201668,192,51
2026-06-02,2026-07-31,59,746.16,746.0,0.22535,0.243843,0.206856,69,36
2026-06-02,2026-08-21,80,746.16,745.0,0.232971,0.254783,0.211159,1614,493
2026-06-02,2026-08-31,90,746.16,746.0,0.234463,0.256203,0.212723,89,1
2026-06-02,2026-09-18,108,746.16,745.0,0.238953,0.264503,0.213402,2542,479
2026-06-02,2026-09-30,120,746.16,745.0,0.241318,0.266563,0.216072,219,11
2026-06-02,2026-10-16,136,746.16,745.0,0.24332,0.269882,0.216759,1993,543
2026-06-02,2026-12-18,199,746.16,745.0,0.250629,0.284248,0.217011,5912,314
2026-06-02,2026-12-31,212,746.16,745.0,0.251152,0.285881,0.216423,4105,763
2026-06-02,2027-01-15,227,746.16,745.0,0.253334,0.288681,0.217987,904,238
2026-06-02,2027-03-19,290,746.16,745.0,0.257557,0.298347,0.216767,1763,114
2026-06-02,2027-03-31,302,746.16,745.0,0.257664,0.29837,0.216957,1993,4
2026-06-02,2027-06-17,380,746.16,745.0,0.261764,0.310233,0.213295,2392,327
2026-06-02,2027-09-17,472,746.16,745.0,0.261705,0.30986,0.213551,2033,10
2026-06-02,2027-12-17,563,746.16,745.0,0.264335,0.319526,0.209145,233,700
2026-06-02,2028-01-21,598,746.16,745.0,0.2637,0.319419,0.207981,97,6
2026-06-02,2028-06-16,745,746.16,745.0,0.264047,0.325942,0.202153,178,1
2026-06-02,2028-12-15,927,746.16,745.0,0.266494,0.334632,0.198357,21,26
2026-06-03,2026-06-03,0,744.21,744.0,0.131784,0.063852,0.199715,3125,4066
2026-06-03,2026-06-04,1,744.21,744.0,0.159249,0.143075,0.175423,1008,645
2026-06-03,2026-06-05,2,744.21,744.0,0.193764,0.197823,0.189705,1788,1096
2026-06-03,2026-06-08,5,744.21,744.0,0.181405,0.189278,0.173531,449,1076
2026-06-03,2026-06-09,6,744.21,744.0,0.200936,0.228523,0.173348,309,457
2026-06-03,2026-06-10,7,744.21,744.0,0.211495,0.211495,,569,
2026-06-03,2026-06-11,8,744.21,744.0,0.235664,0.243172,0.228157,41,75
2026-06-03,2026-06-12,9,744.21,744.0,0.212868,0.23188,0.193856,3401,661
2026-06-03,2026-06-18,15,744.21,744.0,0.241371,0.252052,0.23069,620,377
2026-06-03,2026-06-26,23,744.21,744.0,0.23735,0.244286,0.230415,524,492
2026-06-03,2026-06-30,27,744.21,744.0,0.233376,0.240517,0.226235,274,166
2026-06-03,2026-07-02,29,744.21,744.0,0.236946,0.236946,,188,
2026-06-03,2026-07-10,37,744.21,745.0,0.232796,0.241997,0.223595,164,129
2026-06-03,2026-07-17,44,744.21,744.0,0.237328,0.249519,0.225136,313,162
2026-06-03,2026-07-31,58,744.21,744.0,0.242409,0.257667,0.22715,121,155
2026-06-03,2026-08-21,79,744.21,745.0,0.242668,0.258201,0.227135,1635,971
2026-06-03,2026-08-31,89,744.21,744.0,0.267051,0.267051,,34,
2026-06-03,2026-09-18,107,744.21,745.0,0.250336,0.273002,0.227669,2608,7328
2026-06-03,2026-09-30,119,744.21,745.0,0.249737,0.272239,0.227234,251,17
2026-06-03,2026-10-16,135,744.21,745.0,0.251625,0.275474,0.227776,2005,517
2026-06-03,2026-12-18,198,744.21,745.0,0.256862,0.291786,0.221939,6492,338
2026-06-03,2026-12-31,211,744.21,745.0,0.256695,0.289489,0.2239,4113,777
2026-06-03,2027-01-15,226,744.21,745.0,0.259098,0.29251,0.225685,914,322
2026-06-03,2027-03-19,289,744.21,745.0,0.260635,0.299232,0.222038,1764,119
2026-06-03,2027-03-31,301,744.21,745.0,0.260643,0.298339,0.222946,1989,10
2026-06-03,2027-06-17,379,744.21,745.0,0.264826,0.309303,0.220349,2694,355
2026-06-03,2027-09-17,471,744.21,745.0,0.263828,0.312026,0.21563,2034,10
2026-06-03,2027-12-17,562,744.21,745.0,0.264265,0.317405,0.211125,226,700
2026-06-03,2028-01-21,597,744.21,745.0,0.263101,0.317359,0.208844,97,6
2026-06-03,2028-06-16,744,744.21,745.0,0.265171,0.326537,0.203804,181,5
2026-06-03,2028-12-15,926,744.21,745.0,0.267528,0.335204,0.199852,47,27
2026-06-04,2026-06-04,0,740.61,741.0,0.302741,,0.302741,1424,17103
2026-06-04,2026-06-05,1,740.61,741.0,0.141732,0.125253,0.158212,2161,2901
2026-06-04,2026-06-08,4,740.61,741.0,0.150979,0.152413,0.149545,817,437
2026-06-04,2026-06-09,5,740.61,741.0,0.156319,0.152596,0.160043,438,493
2026-06-04,2026-06-10,6,740.61,741.0,0.170632,0.16816,0.173104,280,243
2026-06-04,2026-06-11,7,740.61,741.0,0.188637,0.187691,0.189583,50,165
2026-06-04,2026-06-12,8,740.61,741.0,0.181954,0.178902,0.185006,2026,275
2026-06-04,2026-06-18,14,740.61,741.0,0.200951,0.208016,0.193886,832,445
2026-06-04,2026-06-26,22,740.61,741.0,0.205574,0.208992,0.202156,111,269
2026-06-04,2026-06-30,26,740.61,741.0,0.203545,0.20768,0.19941,211,211
2026-06-04,2026-07-02,28,740.61,741.0,0.209069,0.215401,0.202736,100,112
2026-06-04,2026-07-10,36,740.61,741.0,0.20987,0.218331,0.201409,203,28
2026-06-04,2026-07-17,43,740.61,741.0,0.213913,0.224205,0.203621,442,654
2026-06-04,2026-07-31,57,740.61,741.0,0.221611,0.235283,0.207939,75,82
2026-06-04,2026-08-21,78,740.61,740.0,0.228745,0.2472,0.210289,4699,2166
2026-06-04,2026-08-31,88,740.61,741.0,0.235409,0.259575,0.211243,28,19
2026-06-04,2026-09-18,106,740.61,740.0,0.236145,0.258323,0.213967,7658,1803
2026-06-04,2026-09-30,118,740.61,740.0,0.236343,0.258735,0.213951,189,176
2026-06-04,2026-10-16,134,740.61,740.0,0.240093,0.264915,0.215271,607,5847
2026-06-04,2026-12-18,197,740.61,740.0,0.249954,0.281097,0.218811,9878,1009
2026-06-04,2026-12-31,210,740.61,740.0,0.250965,0.280845,0.221085,4403,3247
2026-06-04,2027-01-15,225,740.61,740.0,0.253986,0.290283,0.21769,5012,2875
2026-06-04,2027-03-19,288,740.61,740.0,0.255024,0.293479,0.216568,1365,694
2026-06-04,2027-03-31,300,740.61,740.0,0.25703,0.29795,0.21611,1964,1403
2026-06-04,2027-06-17,378,740.61,740.0,0.259933,0.304595,0.215271,2676,1086
2026-06-04,2027-09-17,470,740.61,740.0,0.263393,0.312072,0.214714,162,114
2026-06-04,2027-12-17,561,740.61,740.0,0.264665,0.317611,0.21172,109,511
2026-06-04,2028-01-21,596,740.61,740.0,0.263521,0.317603,0.209439,175,812
2026-06-04,2028-06-16,743,740.61,740.0,0.264133,0.325767,0.2025,493,271
2026-06-04,2028-12-15,925,740.61,740.0,0.266523,0.33364,0.199406,75,143
2026-06-05,2026-06-05,0,705.06,705.0,0.162362,,0.162362,2017,7829
2026-06-05,2026-06-08,3,705.06,705.0,0.178475,0.16639,0.19056,14,8761
2026-06-05,2026-06-09,4,705.06,705.0,0.240578,0.206856,0.274299,10,312
2026-06-05,2026-06-10,5,705.06,705.0,0.31684,0.265083,0.368598,30,1379
2026-06-05,2026-06-11,6,705.06,705.0,0.331214,0.285743,0.376685,12,371
2026-06-05,2026-06-12,7,705.06,705.0,0.312232,0.280036,0.344428,928,2642
2026-06-05,2026-06-18,13,705.06,705.0,0.298591,0.276863,0.320319,19436,30676
2026-06-05,2026-06-26,21,705.06,705.0,0.277092,0.252998,0.301185,728,1588
2026-06-05,2026-06-30,25,705.06,705.0,0.273491,0.249397,0.297584,788,18950
2026-06-05,2026-07-02,27,705.06,705.0,0.275474,0.259071,0.291877,93,812
2026-06-05,2026-07-10,35,705.06,705.0,0.26419,0.251686,0.276695,14,222
2026-06-05,2026-07-17,42,705.06,705.0,0.261642,0.252998,0.270286,2325,4023
2026-06-05,2026-07-31,56,705.06,705.0,0.26535,0.263496,0.267204,240,1821
2026-06-05,2026-08-21,77,705.06,705.0,0.257385,0.260139,0.254631,2502,18982
2026-06-05,2026-08-31,87,705.06,705.0,0.256203,,0.256203,,33
2026-06-05,2026-09-18,105,705.06,705.0,0.259292,0.269279,0.249306,3646,4461
2026-06-05,2026-09-30,117,705.06,705.0,0.26316,0.273277,0.253044,229,42
2026-06-05,2026-10-16,133,705.06,705.0,0.260723,0.274154,0.247291,656,2469
2026-06-05,2026-12-18,196,705.06,705.0,0.265514,0.287719,0.243309,1915,831
2026-06-05,2026-12-31,209,705.06,705.0,0.267063,0.290969,0.243156,1959,339
2026-06-05,2027-01-15,224,705.06,705.0,0.265545,0.290306,0.240784,1228,758
2026-06-05,2027-03-19,287,705.06,705.0,0.269264,0.29969,0.238838,475,224
2026-06-05,2027-03-31,299,705.06,705.0,0.269298,0.300712,0.237885,288,1750
2026-06-05,2027-06-17,377,705.06,705.0,0.269924,0.308486,0.231361,904,476
2026-06-05,2027-09-17,469,705.06,705.0,0.269813,0.313171,0.226456,297,105
2026-06-05,2027-12-17,560,705.06,705.0,0.270256,0.318736,0.221775,212,125
2026-06-05,2028-01-21,595,705.06,705.0,0.269277,0.319163,0.219391,64,73
2026-06-05,2028-06-16,742,705.06,705.0,0.270424,0.327941,0.212906,228,8
2026-06-05,2028-12-15,924,705.06,705.0,0.27103,0.335372,0.206688,92,15
2026-06-08,2026-06-08,0,716.07,716.0,0.018931,0.011484,0.026377,2182,2905
2026-06-08,2026-06-09,1,716.07,716.0,0.193642,0.1894,0.197884,524,671
2026-06-08,2026-06-10,2,716.07,716.0,0.238625,0.24189,0.235359,251,434
2026-06-08,2026-06-11,3,716.07,716.0,0.257515,0.257332,0.257698,159,166
2026-06-08,2026-06-12,4,716.07,716.0,0.264869,0.268135,0.261604,622,647
2026-06-08,2026-06-15,7,716.07,716.0,0.237053,0.24128,0.232826,92,155
2026-06-08,2026-06-16,8,716.07,716.0,0.244011,0.249336,0.238686,24,89
2026-06-08,2026-06-17,9,716.07,716.0,0.255607,0.261726,0.249489,14,134
2026-06-08,2026-06-18,10,716.07,716.0,0.260246,0.271522,0.24897,899,1989
2026-06-08,2026-06-22,14,716.07,715.0,0.266655,0.275093,0.258217,,
2026-06-08,2026-06-26,18,716.07,716.0,0.249901,0.25431,0.245491,178,487
2026-06-08,2026-06-30,22,716.07,716.0,0.242554,0.247612,0.237495,227,213
2026-06-08,2026-07-02,24,716.07,716.0,0.246162,0.253548,0.238777,1387,31
2026-06-08,2026-07-10,32,716.07,716.0,0.239944,0.248176,0.231712,24,87
2026-06-08,2026-07-17,39,716.07,716.0,0.237785,0.249122,0.226448,411,609
2026-06-08,2026-07-24,46,716.07,716.0,0.239235,0.252373,0.226097,9,18
2026-06-08,2026-07-31,53,716.07,716.0,0.241501,0.256309,0.226692,111,139
2026-06-08,2026-08-21,74,716.07,715.0,0.241951,0.260933,0.222969,1623,2765
2026-06-08,2026-08-31,84,716.07,716.0,0.244392,0.264427,0.224358,2,2
2026-06-08,2026-09-18,102,716.07,715.0,0.24971,0.270164,0.229256,3391,3742
2026-06-08,2026-09-30,114,716.07,715.0,0.248897,0.271568,0.226227,143,194
2026-06-08,2026-10-16,130,716.07,715.0,0.25074,0.277084,0.224396,1848,347
2026-06-08,2026-12-18,193,716.07,715.0,0.257664,0.291091,0.224236,2962,655
2026-06-08,2026-12-31,206,716.07,715.0,0.258156,0.290267,0.226044,1140,714
2026-06-08,2027-01-15,221,716.07,715.0,0.258724,0.294525,0.222923,1382,679
2026-06-08,2027-03-19,284,716.07,715.0,0.261963,0.301666,0.22226,262,189
2026-06-08,2027-03-31,296,716.07,715.0,0.261642,0.301109,0.222176,754,211
2026-06-08,2027-06-17,374,716.07,715.0,0.264526,0.311797,0.217255,3076,914
2026-06-08,2027-09-17,466,716.07,715.0,0.264873,0.317107,0.212639,374,144
2026-06-08,2027-12-17,557,716.07,715.0,0.267254,0.322044,0.212464,480,550
2026-06-08,2028-01-21,592,716.07,715.0,0.267381,0.323608,0.211155,150,708
2026-06-08,2028-06-16,739,716.07,715.0,0.26824,0.331264,0.205216,227,13
2026-06-08,2028-12-15,921,716.07,715.0,0.271434,0.341132,0.201737,124,16
2026-06-09,2026-06-09,0,707.83,708.0,0.146737,0.111215,0.182259,604,1721
2026-06-09,2026-06-10,1,707.83,708.0,0.276496,0.281013,0.27198,246,1050
2026-06-09,2026-06-11,2,707.83,708.0,0.315742,0.312995,0.318488,93,408
2026-06-09,2026-06-12,3,707.83,708.0,0.313392,0.316779,0.310004,1102,2229
2026-06-09,2026-06-15,6,707.83,708.0,0.287147,0.278572,0.295722,228,319
2026-06-09,2026-06-16,7,707.83,708.0,0.293128,0.296699,0.289558,19,47
2026-06-09,2026-06-17,8,707.83,708.0,0.318977,0.323249,0.314704,6,206
2026-06-09,2026-06-18,9,707.83,708.0,0.308921,0.316077,0.301765,717,1971
2026-06-09,2026-06-22,13,707.83,710.0,0.274376,0.276435,0.272316,38,416
2026-06-09,2026-06-26,17,707.83,708.0,0.282035,0.285682,0.278389,209,595
2026-06-09,2026-06-30,21,707.83,708.0,0.272071,0.276588,0.267555,278,385
2026-06-09,2026-07-02,23,707.83,708.0,0.27491,0.281654,0.268165,42,653
2026-06-09,2026-07-10,31,707.83,708.0,0.263809,0.272392,0.255226,45,135
2026-06-09,2026-07-17,38,707.83,708.0,0.259132,0.271339,0.246925,305,577
2026-06-09,2026-07-24,45,707.83,708.0,0.257973,0.270805,0.24514,7,42
2026-06-09,2026-07-31,52,707.83,708.0,0.259079,0.272941,0.245216,144,181
2026-06-09,2026-08-21,73,707.83,710.0,0.253975,0.271705,0.236244,3303,5983
2026-06-09,2026-08-31,83,707.83,708.0,0.260719,0.281623,0.239815,7,9
2026-06-09,2026-09-18,101,707.83,710.0,0.257156,0.280296,0.234016,26209,2946
2026-06-09,2026-09-30,113,707.83,710.0,0.259426,0.284988,0.233864,392,493
2026-06-09,2026-10-16,129,707.83,710.0,0.259132,0.284233,0.234032,1310,449
2026-06-09,2026-12-18,192,707.83,710.0,0.263141,0.295249,0.231033,3732,1961
2026-06-09,2026-12-31,205,707.83,710.0,0.264709,0.298934,0.230484,1795,1665
2026-06-09,2027-01-15,220,707.83,710.0,0.265281,0.300956,0.229607,1308,1129
2026-06-09,2027-03-19,283,707.83,710.0,0.265766,0.307578,0.223953,2642,970
2026-06-09,2027-03-31,295,707.83,710.0,0.267296,0.306541,0.22805,191,465
2026-06-09,2027-06-17,373,707.83,710.0,0.269008,0.314933,0.223084,2682,2376
2026-06-09,2027-09-17,465,707.83,710.0,0.269046,0.319297,0.218796,635,671
2026-06-09,2027-12-17,556,707.83,710.0,0.268486,0.323829,0.213143,913,1055
2026-06-09,2028-01-21,591,707.83,710.0,0.27012,0.325866,0.214375,198,135
2026-06-09,2028-06-16,738,707.83,710.0,0.270311,0.332389,0.208233,111,60
2026-06-09,2028-12-15,920,707.83,710.0,0.271291,0.340239,0.202343,132,162
2026-06-10,2026-06-10,0,693.69,694.0,0.177437,0.034433,0.320441,618,2087
2026-06-10,2026-06-11,1,693.69,694.0,0.303962,0.288581,0.319343,175,734
2026-06-10,2026-06-12,2,693.69,694.0,0.360602,0.353644,0.36756,492,998
2026-06-10,2026-06-15,5,693.69,695.0,0.317283,0.306983,0.327582,707,1195
2026-06-10,2026-06-16,6,693.69,695.0,0.332908,0.344245,0.321571,105,812
2026-06-10,2026-06-17,7,693.69,695.0,0.340201,0.343238,0.337165,195,610
2026-06-10,2026-06-18,8,693.69,694.0,0.358939,0.358802,0.359076,584,1982
2026-06-10,2026-06-22,12,693.69,695.0,0.316016,,0.316016,,487
2026-06-10,2026-06-26,16,693.69,694.0,0.340812,0.340613,0.34101,174,314
2026-06-10,2026-06-30,20,693.69,694.0,0.31327,0.313697,0.312843,194,239
2026-06-10,2026-07-02,22,693.69,694.0,0.320579,0.329688,0.311469,99,5293
2026-06-10,2026-07-10,30,693.69,694.0,0.298286,0.304084,0.292488,48,419
2026-06-10,2026-07-17,37,693.69,694.0,0.295471,0.298957,0.291984,72,1439
2026-06-10,2026-07-24,44,693.69,695.0,0.281883,0.288795,0.274971,10,89
2026-06-10,2026-07-31,51,693.69,694.0,0.283691,0.295722,0.27166,33,65
2026-06-10,2026-08-21,72,693.69,695.0,0.277313,0.287773,0.266853,1279,16845
2026-06-10,2026-08-31,82,693.69,694.0,0.256172,,0.256172,,19
2026-06-10,2026-09-18,100,693.69,695.0,0.279861,0.302024,0.257698,1741,1877
2026-06-10,2026-09-30,112,693.69,695.0,0.274246,0.294837,0.253654,252,278
2026-06-10,2026-10-16,128,693.69,695.0,0.274715,0.297767,0.251663,758,427
2026-06-10,2026-12-18,191,693.69,695.0,0.27655,0.307029,0.246071,1235,1017
2026-06-10,2026-12-31,204,693.69,695.0,0.279045,0.30857,0.249519,901,380
2026-06-10,2027-01-15,219,693.69,695.0,0.282089,0.314902,0.249275,2563,1140
2026-06-10,2027-03-19,282,693.69,695.0,0.276455,0.313934,0.238976,819,370
2026-06-10,2027-03-31,294,693.69,695.0,0.286426,0.324882,0.24797,284,65
2026-06-10,2027-06-17,372,693.69,695.0,0.288558,0.33229,0.244827,951,603
2026-06-10,2027-09-17,464,693.69,695.0,0.284364,0.333331,0.235397,116,113
2026-06-10,2027-12-17,555,693.69,695.0,0.283937,0.337779,0.230095,681,552
2026-06-10,2028-01-21,590,693.69,695.0,0.282089,0.338118,0.226059,63,17
2026-06-10,2028-06-16,737,693.69,695.0,0.283203,0.346095,0.22031,888,5
2026-06-10,2028-12-15,919,693.69,695.0,0.281499,0.351233,0.211766,77,15
2026-06-11,2026-06-11,0,717.12,717.0,0.170479,0.321906,0.019053,1523,650
2026-06-11,2026-06-12,1,717.12,717.0,0.273201,0.295173,0.251228,649,1450
2026-06-11,2026-06-15,4,717.12,717.0,0.26017,0.266121,0.254219,1000,207
2026-06-11,2026-06-16,5,717.12,717.0,0.284645,0.296638,0.272651,498,64
2026-06-11,2026-06-17,6,717.12,717.0,0.316047,0.322333,0.30976,279,208
2026-06-11,2026-06-18,7,717.12,717.0,0.312171,0.334113,0.290229,2086,1505
2026-06-11,2026-06-22,11,717.12,715.0,0.284416,0.287971,0.28086,780,450
2026-06-11,2026-06-26,15,717.12,717.0,0.298148,0.307899,0.288398,299,396
2026-06-11,2026-06-30,19,717.12,717.0,0.287147,0.298408,0.275886,382,130
2026-06-11,2026-07-02,21,717.12,717.0,0.288963,0.302894,0.275032,332,80
2026-06-11,2026-07-10,29,717.12,717.0,0.275459,0.288063,0.262855,169,240
2026-06-11,2026-07-17,36,717.12,717.0,0.271721,0.28849,0.254951,904,901
2026-06-11,2026-07-24,43,717.12,717.0,0.271591,0.286109,0.257072,38,50
2026-06-11,2026-07-31,50,717.12,717.0,0.269729,0.283821,0.255638,76,150
2026-06-11,2026-08-21,71,717.12,715.0,0.268135,0.289802,0.246467,4534,2690
2026-06-11,2026-08-31,81,717.12,717.0,0.265686,0.288093,0.243278,8,33
2026-06-11,2026-09-18,99,717.12,715.0,0.26815,0.293632,0.242668,3376,4503
2026-06-11,2026-09-30,111,717.12,715.0,0.267227,0.291908,0.242546,144,205
2026-06-11,2026-10-16,127,717.12,715.0,0.268055,0.2947,0.241409,1846,2437
2026-06-11,2026-12-18,190,717.12,715.0,0.270279,0.303184,0.237373,2933,993
2026-06-11,2026-12-31,203,717.12,715.0,0.270168,0.303588,0.236748,1109,764
2026-06-11,2027-01-15,218,717.12,715.0,0.26989,0.305061,0.234718,1371,751
2026-06-11,2027-03-19,281,717.12,715.0,0.271064,0.31153,0.230599,252,723
2026-06-11,2027-03-31,293,717.12,715.0,0.27206,0.311607,0.232513,754,144
2026-06-11,2027-06-17,371,717.12,715.0,0.273849,0.319747,0.227951,3080,917
2026-06-11,2027-09-17,463,717.12,715.0,0.272712,0.323241,0.222183,461,145
2026-06-11,2027-12-17,554,717.12,715.0,0.272462,0.327201,0.217724,479,556
2026-06-11,2028-01-21,589,717.12,715.0,0.279665,0.329742,0.229588,151,709
2026-06-11,2028-06-16,736,717.12,715.0,0.281599,0.34019,0.223007,201,13
2026-06-11,2028-12-15,918,717.12,715.0,0.277711,0.346774,0.208649,92,14
2026-06-12,2026-06-12,0,721.34,721.0,0.121225,0.121225,,2083,1200
2026-06-12,2026-06-15,3,721.34,721.0,0.173257,0.20179,0.144723,715,308
2026-06-12,2026-06-16,4,721.34,721.0,0.211983,0.242561,0.181405,305,77
2026-06-12,2026-06-17,5,721.34,721.0,0.243446,0.26783,0.219063,193,91
2026-06-12,2026-06-18,6,721.34,721.0,0.253486,0.280342,0.226631,853,1989
2026-06-12,2026-06-22,10,721.34,720.0,0.241493,0.256416,0.22657,675,283
2026-06-12,2026-06-26,14,721.34,721.0,0.261162,0.274513,0.24781,740,456
2026-06-12,2026-06-30,18,721.34,721.0,0.255897,0.271339,0.240456,317,204
2026-06-12,2026-07-02,20,721.34,721.0,0.259208,0.279548,0.238869,160,80
2026-06-12,2026-07-10,28,721.34,721.0,0.254005,0.272285,0.235725,137,148
2026-06-12,2026-07-17,35,721.34,721.0,0.247246,0.267646,0.226845,692,520
2026-06-12,2026-07-24,42,721.34,721.0,0.255218,0.271751,0.238686,33,16
2026-06-12,2026-07-31,49,721.34,721.0,0.26046,0.281898,0.239021,111,182
2026-06-12,2026-08-21,70,721.34,720.0,0.252144,0.277046,0.227242,3808,5127
2026-06-12,2026-08-31,80,721.34,721.0,0.262581,0.287254,0.237907,36,92
2026-06-12,2026-09-18,98,721.34,720.0,0.257835,0.287559,0.228111,7684,2943
2026-06-12,2026-09-30,110,721.34,720.0,0.259754,0.290168,0.22934,591,333
2026-06-12,2026-10-16,126,721.34,720.0,0.260669,0.291442,0.229897,916,1061
2026-06-12,2026-12-18,189,721.34,720.0,0.268764,0.305297,0.232231,10876,6615
2026-06-12,2026-12-31,202,721.34,720.0,0.269531,0.303237,0.235825,2371,1370
2026-06-12,2027-01-15,217,721.34,720.0,0.267814,0.304893,0.230736,1827,1014
2026-06-12,2027-03-19,280,721.34,720.0,0.269836,0.310691,0.228981,1043,567
2026-06-12,2027-03-31,292,721.34,720.0,0.270649,0.311584,0.229714,127,388
2026-06-12,2027-06-17,370,721.34,720.0,0.273197,0.32022,0.226174,3293,324
2026-06-12,2027-09-17,462,721.34,720.0,0.272209,0.323669,0.220749,512,765
2026-06-12,2027-12-17,553,721.34,720.0,0.272407,0.328086,0.216728,382,279
2026-06-12,2028-01-21,588,721.34,720.0,0.271921,0.328975,0.214867,392,326
2026-06-12,2028-06-16,735,721.34,720.0,0.269527,0.33319,0.205864,319,11
2026-06-12,2028-12-15,917,721.34,720.0,0.271751,0.342482,0.20102,117,70
2026-06-15,2026-06-15,0,744.0,744.0,0.032236,,0.032236,1071,1
2026-06-15,2026-06-16,1,744.0,744.0,0.156991,0.150155,0.163827,393,45
2026-06-15,2026-06-17,2,744.0,744.0,0.198983,0.195076,0.202889,300,68
2026-06-15,2026-06-18,3,744.0,744.0,0.225777,0.228523,0.22303,1437,619
2026-06-15,2026-06-22,7,744.0,744.0,0.195595,0.191597,0.199593,256,1
2026-06-15,2026-06-23,8,744.0,744.0,0.203728,0.199318,0.208138,90,1
2026-06-15,2026-06-24,9,744.0,744.0,0.20942,0.20942,,83,
2026-06-15,2026-06-25,10,744.0,744.0,0.216957,0.216957,,2,
2026-06-15,2026-06-26,11,744.0,744.0,0.224938,0.224251,0.225624,2843,626
2026-06-15,2026-06-30,15,744.0,744.0,0.220635,0.221565,0.219704,862,96
2026-06-15,2026-07-02,17,744.0,744.0,0.229881,0.233803,0.22596,173,479
2026-06-15,2026-07-10,25,744.0,744.0,0.227196,0.234047,0.220345,113,81
2026-06-15,2026-07-17,32,744.0,744.0,0.228111,0.236427,0.219795,757,331
2026-06-15,2026-07-24,39,744.0,744.0,0.2323,0.243355,0.221245,49,2
2026-06-15,2026-07-31,46,744.0,744.0,0.237427,0.249885,0.224968,127,164
2026-06-15,2026-08-21,67,744.0,745.0,0.238739,0.256141,0.221337,2351,1172
2026-06-15,2026-08-31,77,744.0,744.0,0.244682,0.265175,0.22419,144,5
2026-06-15,2026-09-18,95,744.0,745.0,0.246014,0.268577,0.22345,3233,7164
2026-06-15,2026-09-30,107,744.0,745.0,0.247208,0.268852,0.225563,281,73
2026-06-15,2026-10-16,123,744.0,745.0,0.249821,0.273903,0.225739,2001,530
2026-06-15,2026-12-18,186,744.0,745.0,0.257324,0.288391,0.226257,7311,1349
2026-06-15,2026-12-31,199,744.0,745.0,0.258007,0.2891,0.226914,4188,767
2026-06-15,2027-01-15,214,744.0,745.0,0.260666,0.295905,0.225426,1242,538
2026-06-15,2027-03-19,277,744.0,745.0,0.262043,0.301795,0.22229,1786,180
2026-06-15,2027-03-31,289,744.0,745.0,0.262802,0.301544,0.22406,1989,14
2026-06-15,2027-06-17,367,744.0,745.0,0.26794,0.312873,0.223007,2911,332
2026-06-15,2027-09-17,459,744.0,745.0,0.26836,0.317413,0.219307,1562,34
2026-06-15,2027-12-17,550,744.0,745.0,0.269025,0.322471,0.21558,228,728
2026-06-15,2028-01-21,585,744.0,745.0,0.269867,0.324996,0.214737,82,8
2026-06-15,2028-06-16,732,744.0,745.0,0.271606,0.333167,0.210045,250,7
2026-06-15,2028-12-15,914,744.0,745.0,0.270404,0.336623,0.204186,132,28
2026-06-16,2026-06-16,0,729.86,730.0,0.024363,0.024668,0.024058,2371,6905
2026-06-16,2026-06-17,1,729.86,730.0,0.230324,0.231941,0.228706,1559,3212
2026-06-16,2026-06-18,2,729.86,730.0,0.258308,0.26551,0.251106,23282,14761
2026-06-16,2026-06-22,6,729.86,730.0,0.216713,0.211983,0.221443,1378,2888
2026-06-16,2026-06-23,7,729.86,730.0,0.236031,0.234505,0.237556,174,234
2026-06-16,2026-06-24,8,729.86,730.0,0.245384,0.244057,0.246712,133,150
2026-06-16,2026-06-25,9,729.86,730.0,0.241524,0.239632,0.243416,171,107
2026-06-16,2026-06-26,10,729.86,730.0,0.250542,0.257149,0.243935,2027,4143
2026-06-16,2026-06-29,13,729.86,730.0,0.240059,0.243721,0.236397,20,106
2026-06-16,2026-06-30,14,729.86,730.0,0.247261,0.258858,0.235664,5079,3184
2026-06-16,2026-07-02,16,729.86,730.0,0.249138,0.257942,0.240334,1329,639
2026-06-16,2026-07-10,24,729.86,730.0,0.240105,0.24723,0.232979,811,1266
2026-06-16,2026-07-17,31,729.86,730.0,0.240356,0.249946,0.230766,10231,6190
2026-06-16,2026-07-24,38,729.86,730.0,0.239532,0.252373,0.226692,170,114
2026-06-16,2026-07-31,45,729.86,730.0,0.242973,0.257744,0.228203,773,878
2026-06-16,2026-08-21,66,729.86,730.0,0.24482,0.264671,0.224968,3661,6745
2026-06-16,2026-08-31,76,729.86,730.0,0.249,0.272117,0.225884,238,124
2026-06-16,2026-09-18,94,729.86,730.0,0.25061,0.275673,0.225548,9437,2510
2026-06-16,2026-09-30,106,729.86,730.0,0.251053,0.275459,0.226647,1056,1454
2026-06-16,2026-10-16,122,729.86,730.0,0.254467,0.281295,0.227638,1574,741
2026-06-16,2026-12-18,185,729.86,730.0,0.262176,0.295257,0.229096,11298,2533
2026-06-16,2026-12-31,198,729.86,730.0,0.266086,0.299293,0.23288,1208,3905
2026-06-16,2027-01-15,213,729.86,730.0,0.26667,0.301559,0.231781,4394,2504
2026-06-16,2027-03-19,276,729.86,730.0,0.270565,0.311164,0.229965,2440,1078
2026-06-16,2027-03-31,288,729.86,730.0,0.268837,0.309928,0.227745,296,369
2026-06-16,2027-06-17,366,729.86,730.0,0.274063,0.319991,0.228134,1317,1598
2026-06-16,2027-09-17,458,729.86,730.0,0.27219,0.321845,0.222534,307,3959
2026-06-16,2027-12-17,549,729.86,730.0,0.273512,0.328185,0.218838,2001,2823
2026-06-16,2028-01-21,584,729.86,730.0,0.272106,0.327903,0.216309,8114,755
2026-06-16,2028-06-16,731,729.86,730.0,0.274202,0.336616,0.211788,388,114
2026-06-16,2028-12-15,913,729.86,730.0,0.273822,0.342688,0.204956,1902,353
2026-06-17,2026-06-17,0,722.51,723.0,0.072763,0.072763,,422,2189
2026-06-17,2026-06-18,1,722.51,723.0,0.228706,0.256843,0.20057,1444,5305
2026-06-17,2026-06-22,5,722.51,723.0,0.213219,0.220253,0.206185,546,415
2026-06-17,2026-06-23,6,722.51,723.0,0.231606,0.23896,0.224251,71,183
2026-06-17,2026-06-24,7,722.51,723.0,0.244423,0.252144,0.236702,67,116
2026-06-17,2026-06-25,8,722.51,723.0,0.254738,0.262886,0.24659,99,109
2026-06-17,2026-06-26,9,722.51,723.0,0.261162,0.271827,0.250496,865,834
2026-06-17,2026-06-29,12,722.51,723.0,0.238106,,0.238106,,24
2026-06-17,2026-06-30,13,722.51,723.0,0.253944,0.26429,0.243599,222,340
2026-06-17,2026-07-02,15,722.51,723.0,0.261741,0.274726,0.248756,850,218
2026-06-17,2026-07-10,23,722.51,722.5,0.255089,0.269874,0.240303,352,67
2026-06-17,2026-07-17,30,722.51,723.0,0.253105,0.269386,0.236824,617,1090
2026-06-17,2026-07-24,37,722.51,723.0,0.253792,0.271614,0.23597,135,31
2026-06-17,2026-07-31,44,722.51,723.0,0.258178,0.277168,0.239189,130,82
2026-06-17,2026-08-21,65,722.51,725.0,0.252319,0.274833,0.229805,1886,3108
2026-06-17,2026-08-31,75,722.51,723.0,0.258034,0.281547,0.23452,103,83
2026-06-17,2026-09-18,93,722.51,725.0,0.260437,0.29116,0.229714,6715,2791
2026-06-17,2026-09-30,105,722.51,725.0,0.259655,0.285591,0.233719,1974,237
2026-06-17,2026-10-16,121,722.51,725.0,0.261108,0.289161,0.233055,2283,944
2026-06-17,2026-12-18,184,722.51,725.0,0.267585,0.302444,0.232727,3432,989
2026-06-17,2026-12-31,197,722.51,725.0,0.270301,0.306388,0.234215,722,1189
2026-06-17,2027-01-15,212,722.51,725.0,0.271167,0.306358,0.235977,6092,1076
2026-06-17,2027-03-19,275,722.51,725.0,0.273716,0.316856,0.230576,1842,2308
2026-06-17,2027-03-31,287,722.51,725.0,0.273513,0.315772,0.231255,329,391
2026-06-17,2027-06-17,365,722.51,725.0,0.276554,0.32508,0.228027,2063,10569
2026-06-17,2027-09-17,457,722.51,725.0,0.27544,0.328689,0.222191,539,1662
2026-06-17,2027-12-17,548,722.51,725.0,0.275331,0.332858,0.217804,408,855
2026-06-17,2028-01-21,583,722.51,725.0,0.276779,0.335708,0.21785,146,1023
2026-06-17,2028-06-16,730,722.51,725.0,0.27865,0.343989,0.21331,187,257
2026-06-17,2028-12-15,912,722.51,725.0,0.27918,0.350817,0.207543,175,22
2026-06-18,2026-06-18,0,740.62,741.0,0.031504,0.011607,0.051401,3793,429
2026-06-18,2026-06-22,4,740.62,741.0,0.129708,0.111764,0.147653,842,649
2026-06-18,2026-06-23,5,740.62,741.0,0.163186,0.147469,0.178902,362,202
2026-06-18,2026-06-24,6,740.62,741.0,0.185769,0.172433,0.199105,403,115
2026-06-18,2026-06-25,7,740.62,741.0,0.202584,0.191231,0.213936,111,15
2026-06-18,2026-06-26,8,740.62,741.0,0.21267,0.204445,0.220894,825,743
2026-06-18,2026-06-29,11,740.62,741.0,0.204888,0.198891,0.210884,55,3
2026-06-18,2026-06-30,12,740.62,741.0,0.214165,0.209389,0.218941,344,271
2026-06-18,2026-07-02,14,740.62,741.0,0.225746,0.225136,0.226357,284,204
2026-06-18,2026-07-10,22,740.62,741.0,0.228027,0.231834,0.22422,381,203
2026-06-18,2026-07-17,29,740.62,741.0,0.232002,0.238991,0.225014,800,663
2026-06-18,2026-07-24,36,740.62,741.0,0.235611,0.244881,0.226341,34,24
2026-06-18,2026-07-31,43,740.62,741.0,0.241562,0.25283,0.230293,347,114
2026-06-18,2026-08-21,64,740.62,740.0,0.244942,0.260994,0.22889,8561,2834
2026-06-18,2026-08-31,74,740.62,741.0,0.248062,0.265464,0.23066,39,29
2026-06-18,2026-09-18,92,740.62,740.0,0.251983,0.273765,0.230202,14611,3023
2026-06-18,2026-09-30,104,740.62,740.0,0.252647,0.273338,0.231957,193,184
2026-06-18,2026-10-16,120,740.62,740.0,0.256077,0.279563,0.23259,806,5778
2026-06-18,2026-12-18,183,740.62,740.0,0.263382,0.294738,0.232025,9916,5189
2026-06-18,2026-12-31,196,740.62,740.0,0.265678,0.297492,0.233864,4423,3412
2026-06-18,2027-01-15,211,740.62,740.0,0.266964,0.301078,0.232849,5734,4392
2026-06-18,2027-03-19,274,740.62,740.0,0.270862,0.310844,0.230881,1384,1301
2026-06-18,2027-03-31,286,740.62,740.0,0.27058,0.310355,0.230805,1983,1402
2026-06-18,2027-06-17,364,740.62,740.0,0.273422,0.321883,0.22496,2836,1190
2026-06-18,2027-09-17,456,740.62,740.0,0.275993,0.326987,0.224999,195,235
2026-06-18,2027-12-17,547,740.62,740.0,0.276094,0.331527,0.220661,308,577
2026-06-18,2028-01-21,582,740.62,740.0,0.277565,0.335071,0.220059,160,1521
2026-06-18,2028-06-16,729,740.62,740.0,0.278614,0.342406,0.214821,500,275
2026-06-18,2028-12-15,911,740.62,740.0,0.279024,0.349513,0.208535,158,455
2026-06-19,2026-06-22,3,740.62,741.0,0.145059,0.125009,0.165108,842,649
2026-06-19,2026-06-23,4,740.62,741.0,0.17875,0.161507,0.195992,362,202
2026-06-19,2026-06-24,5,740.62,741.0,0.200692,0.186287,0.215096,403,115
2026-06-19,2026-06-25,6,740.62,741.0,0.216591,0.204476,0.228706,111,15
2026-06-19,2026-06-26,7,740.62,741.0,0.225563,0.216866,0.234261,825,743
2026-06-19,2026-06-29,10,740.62,741.0,0.213997,0.207741,0.220253,55,3
2026-06-19,2026-06-30,11,740.62,741.0,0.222908,0.217934,0.227882,344,271
2026-06-19,2026-07-02,13,740.62,741.0,0.233681,0.23304,0.234322,284,204
2026-06-19,2026-07-10,21,740.62,741.0,0.233147,0.237038,0.229256,381,203
2026-06-19,2026-07-17,28,740.62,741.0,0.23597,0.24308,0.228859,800,663
2026-06-19,2026-07-24,35,740.62,741.0,0.238861,0.248253,0.229469,34,24
2026-06-19,2026-07-31,42,740.62,741.0,0.244354,0.25576,0.232948,347,114
2026-06-19,2026-08-21,63,740.62,740.0,0.246841,0.263023,0.23066,8561,2834
2026-06-19,2026-08-31,73,740.62,741.0,0.249733,0.26725,0.232216,39,29
2026-06-19,2026-09-18,91,740.62,740.0,0.253349,0.275245,0.231453,14611,3023
2026-06-19,2026-09-30,103,740.62,740.0,0.25386,0.27465,0.23307,193,184
2026-06-19,2026-10-16,119,740.62,740.0,0.257141,0.280723,0.233559,806,5778
2026-06-19,2026-12-18,182,740.62,740.0,0.264099,0.295539,0.232658,9916,5189
2026-06-19,2026-12-31,195,740.62,740.0,0.266357,0.298255,0.234459,4423,3412
2026-06-19,2027-01-15,210,740.62,740.0,0.267597,0.301795,0.233398,5734,4392
2026-06-19,2027-03-19,273,740.62,740.0,0.271354,0.311408,0.2313,1384,1301
2026-06-19,2027-03-31,285,740.62,740.0,0.271053,0.310897,0.231209,1983,1402
2026-06-19,2027-06-17,363,740.62,740.0,0.273796,0.322326,0.225266,2836,1190
2026-06-19,2027-09-17,455,740.62,740.0,0.276296,0.327346,0.225247,195,235
2026-06-19,2027-12-17,546,740.62,740.0,0.276346,0.331828,0.220864,308,577
2026-06-19,2028-01-21,581,740.62,740.0,0.277801,0.335357,0.220246,160,1521
2026-06-19,2028-06-16,728,740.62,740.0,0.278806,0.342643,0.21497,500,275
2026-06-19,2028-12-15,910,740.62,740.0,0.279176,0.349704,0.208649,158,455
2026-06-22,2026-06-22,0,737.95,738.0,0.015879,0.015879,0.015879,1803,4825
2026-06-22,2026-06-23,1,737.95,738.0,0.170937,0.173653,0.168221,1032,773
2026-06-22,2026-06-24,2,737.95,738.0,0.217476,0.220833,0.214119,317,647
2026-06-22,2026-06-25,3,737.95,738.0,0.239296,0.243843,0.234749,172,576
2026-06-22,2026-06-26,4,737.95,738.0,0.246406,0.253486,0.239326,1803,930
2026-06-22,2026-06-29,7,737.95,738.0,0.223122,0.229988,0.216255,198,486
2026-06-22,2026-06-30,8,737.95,738.0,0.233086,0.240639,0.225533,634,582
2026-06-22,2026-07-01,9,737.95,738.0,0.237221,0.245918,0.228523,99,65
2026-06-22,2026-07-02,10,737.95,738.0,0.245567,0.256599,0.234535,932,722
2026-06-22,2026-07-10,18,737.95,738.0,0.240837,0.253609,0.228066,266,319
2026-06-22,2026-07-17,25,737.95,738.0,0.243317,0.258049,0.228584,1160,1147
2026-06-22,2026-07-24,32,737.95,738.0,0.244568,0.260917,0.228218,160,127
2026-06-22,2026-07-31,39,737.95,738.0,0.249145,0.266975,0.231316,82,257
2026-06-22,2026-08-21,60,737.95,740.0,0.249061,0.270622,0.227501,8719,2861
2026-06-22,2026-08-31,70,737.95,738.0,0.252853,0.27555,0.230156,34,68
2026-06-22,2026-09-18,88,737.95,740.0,0.25428,0.280067,0.228493,14796,3344
2026-06-22,2026-09-30,100,737.95,740.0,0.25592,0.282356,0.229485,206,201
2026-06-22,2026-10-16,116,737.95,740.0,0.258476,0.28643,0.230522,831,5886
2026-06-22,2026-12-18,179,737.95,740.0,0.265613,0.300628,0.230599,9970,5232
2026-06-22,2026-12-31,192,737.95,740.0,0.265114,0.300224,0.230003,4424,3419
2026-06-22,2027-01-15,207,737.95,740.0,0.266193,0.303161,0.229225,5764,4402
2026-06-22,2027-03-19,270,737.95,740.0,0.269767,0.312309,0.227226,1417,1325
2026-06-22,2027-03-31,282,737.95,740.0,0.275032,0.317207,0.232857,1974,1369
2026-06-22,2027-06-17,360,737.95,740.0,0.277118,0.323745,0.230492,2872,1241
2026-06-22,2027-09-17,452,737.95,740.0,0.278041,0.331946,0.224136,195,250
2026-06-22,2027-12-17,543,737.95,740.0,0.27869,0.336623,0.220757,319,582
2026-06-22,2028-01-21,578,737.95,740.0,0.281087,0.340518,0.221657,163,1526
2026-06-22,2028-06-16,725,737.95,740.0,0.281757,0.347289,0.216225,499,275
2026-06-22,2028-12-15,907,737.95,740.0,0.282365,0.353915,0.210816,139,434
2026-06-23,2026-06-23,0,713.65,714.0,0.104501,0.104501,,132,1157
2026-06-23,2026-06-24,1,713.65,714.0,0.278144,0.317023,0.239265,72,430
2026-06-23,2026-06-25,2,713.65,714.0,0.322608,0.356879,0.288337,30,742
2026-06-23,2026-06-26,3,713.65,714.0,0.333259,0.366461,0.300056,240,1983
2026-06-23,2026-06-29,6,713.65,714.0,0.267646,,0.267646,,83
2026-06-23,2026-06-30,7,713.65,714.0,0.306007,0.331733,0.280281,410,262
2026-06-23,2026-07-01,8,713.65,714.0,0.283912,,0.283912,,89
2026-06-23,2026-07-02,9,713.65,714.0,0.316459,0.344245,0.288673,155,246
2026-06-23,2026-07-10,17,713.65,714.0,0.297965,0.323798,0.272133,209,183
2026-06-23,2026-07-17,24,713.65,714.0,0.293846,0.319587,0.268104,1107,2053
2026-06-23,2026-07-24,31,713.65,714.0,0.289405,0.315253,0.263557,68,56
2026-06-23,2026-07-31,38,713.65,714.0,0.290321,0.317176,0.263466,273,132
2026-06-23,2026-08-21,59,713.65,715.0,0.279937,0.308021,0.251854,4389,3023
2026-06-23,2026-08-31,69,713.65,714.0,0.280265,0.310218,0.250313,6,1597
2026-06-23,2026-09-18,87,713.65,715.0,0.277954,0.309562,0.246345,3334,6076
2026-06-23,2026-09-30,99,713.65,715.0,0.276611,0.306999,0.246223,162,188
2026-06-23,2026-10-16,115,713.65,715.0,0.277961,0.310142,0.245781,1897,2818
2026-06-23,2026-12-18,178,713.65,715.0,0.280426,0.319389,0.241463,3004,1024
2026-06-23,2026-12-31,191,713.65,715.0,0.281761,0.320655,0.242866,1109,767
2026-06-23,2027-01-15,206,713.65,715.0,0.281841,0.322143,0.241539,1370,1033
2026-06-23,2027-03-19,269,713.65,715.0,0.284778,0.332007,0.237549,212,858
2026-06-23,2027-03-31,281,713.65,715.0,0.28487,0.329909,0.23983,748,144
2026-06-23,2027-06-17,359,713.65,715.0,0.287147,0.337752,0.236542,3082,952
2026-06-23,2027-09-17,451,713.65,715.0,0.286373,0.342261,0.230484,461,145
2026-06-23,2027-12-17,542,713.65,715.0,0.286933,0.347037,0.22683,519,565
2026-06-23,2028-01-21,577,713.65,715.0,0.286903,0.347487,0.226318,154,709
2026-06-23,2028-06-16,724,713.65,715.0,0.288015,0.355029,0.221001,225,10
2026-06-23,2028-12-15,906,713.65,715.0,0.289035,0.362387,0.215683,100,14
2026-06-24,2026-06-24,0,710.62,711.0,0.589482,0.589482,,232,1460
2026-06-24,2026-06-25,1,710.62,711.0,0.326942,0.529729,0.124154,94,461
2026-06-24,2026-06-26,2,710.62,711.0,0.338263,0.509343,0.167184,451,2497
2026-06-24,2026-06-29,5,710.62,711.0,0.290168,0.415899,0.164437,18,122
2026-06-24,2026-06-30,6,710.62,711.0,0.302909,0.420691,0.185128,366,522
2026-06-24,2026-07-01,7,710.62,711.0,0.194832,,0.194832,,124
2026-06-24,2026-07-02,8,710.62,711.0,0.314323,0.424048,0.204598,440,443
2026-06-24,2026-07-10,16,710.62,711.0,0.306434,0.401068,0.2118,62,192
2026-06-24,2026-07-17,23,710.62,711.0,0.300987,0.384497,0.217476,564,2009
2026-06-24,2026-07-24,30,710.62,711.0,0.28984,0.359503,0.220177,59,260
2026-06-24,2026-07-31,37,710.62,711.0,0.297675,0.364661,0.23069,109,1688
2026-06-24,2026-08-21,58,710.62,710.0,0.284599,0.344199,0.224999,4450,8104
2026-06-24,2026-08-31,68,710.62,711.0,0.28656,0.34571,0.227409,134,16
2026-06-24,2026-09-18,86,710.62,710.0,0.283775,0.341864,0.225685,26648,4936
2026-06-24,2026-09-30,98,710.62,710.0,0.284431,0.338691,0.230171,2057,520
2026-06-24,2026-10-16,114,710.62,710.0,0.28413,0.340323,0.227936,1332,583
2026-06-24,2026-12-18,177,710.62,710.0,0.285892,0.342688,0.229096,3762,2345
2026-06-24,2026-12-31,190,710.62,710.0,0.284286,0.339568,0.229004,1773,1648
2026-06-24,2027-01-15,205,710.62,710.0,0.285606,0.34278,0.228432,1527,1213
2026-06-24,2027-03-19,268,710.62,710.0,0.285785,0.345183,0.226387,2683,1040
2026-06-24,2027-03-31,280,710.62,710.0,0.285778,0.342566,0.228989,208,459
2026-06-24,2027-06-17,358,710.62,710.0,0.288558,0.352958,0.224159,2608,2611
2026-06-24,2027-09-17,450,710.62,710.0,0.287281,0.354811,0.21975,708,702
2026-06-24,2027-12-17,541,710.62,710.0,0.288045,0.358676,0.217415,912,2162
2026-06-24,2028-01-21,576,710.62,710.0,0.288875,0.359908,0.217842,200,135
2026-06-24,2028-06-16,723,710.62,710.0,0.290597,0.366427,0.214768,193,60
2026-06-24,2028-12-15,905,710.62,710.0,0.290393,0.371741,0.209046,148,319
2026-06-25,2026-06-25,0,716.38,716.0,0.060739,0.108529,0.012949,3604,1483
2026-06-25,2026-06-26,1,716.38,716.0,0.240578,0.275093,0.206063,1400,1434
2026-06-25,2026-06-29,4,716.38,716.0,0.210213,,0.210213,,339
2026-06-25,2026-06-30,5,716.38,716.0,0.264213,0.286598,0.241829,3703,4081
2026-06-25,2026-07-01,6,716.38,716.0,0.252205,,0.252205,,779
2026-06-25,2026-07-02,7,716.38,716.0,0.287834,0.313697,0.26197,1465,738
2026-06-25,2026-07-10,15,716.38,716.0,0.280448,0.303932,0.256965,258,304
2026-06-25,2026-07-17,22,716.38,716.0,0.282524,0.305793,0.259254,830,3927
2026-06-25,2026-07-24,29,716.38,716.0,0.279754,0.303916,0.255592,268,145
2026-06-25,2026-07-31,36,716.38,716.0,0.282112,0.307212,0.257011,211,307
2026-06-25,2026-08-21,57,716.38,715.0,0.275016,0.302253,0.24778,4781,3266
2026-06-25,2026-08-31,67,716.38,716.0,0.272651,0.300666,0.244636,42,178
2026-06-25,2026-09-18,85,716.38,715.0,0.273033,0.303672,0.242393,3378,6028
2026-06-25,2026-09-30,97,716.38,715.0,0.271255,0.300605,0.241905,299,209
2026-06-25,2026-10-16,113,716.38,715.0,0.272308,0.304298,0.240318,1977,2832
2026-06-25,2026-12-18,176,716.38,715.0,0.273986,0.311546,0.236427,3031,1077
2026-06-25,2026-12-31,189,716.38,715.0,0.275764,0.313728,0.237801,1117,768
2026-06-25,2027-01-15,204,716.38,715.0,0.273712,0.313834,0.233589,1382,1074
2026-06-25,2027-03-19,267,716.38,715.0,0.275566,0.320907,0.230225,196,948
2026-06-25,2027-03-31,279,716.38,715.0,0.276382,0.320167,0.232597,757,143
2026-06-25,2027-06-17,357,716.38,715.0,0.278568,0.32981,0.227326,3116,980
2026-06-25,2027-09-17,449,716.38,715.0,0.281766,0.336783,0.22675,461,145
2026-06-25,2027-12-17,540,716.38,715.0,0.282573,0.341575,0.223572,522,565
2026-06-25,2028-01-21,575,716.38,715.0,0.283298,0.34352,0.223076,162,710
2026-06-25,2028-06-16,722,716.38,715.0,0.283399,0.350039,0.216759,228,20
2026-06-25,2028-12-15,904,716.38,715.0,0.284204,0.356597,0.211811,122,295
2026-06-26,2026-06-26,0,706.52,707.0,0.036265,0.050547,0.021982,1051,4222
2026-06-26,2026-06-29,3,706.52,707.0,0.182656,0.190621,0.174691,249,421
2026-06-26,2026-06-30,4,706.52,707.0,0.235237,0.244148,0.226326,554,1250
2026-06-26,2026-07-01,5,706.52,707.0,0.244759,,0.244759,,377
2026-06-26,2026-07-02,6,706.52,707.0,0.272865,0.287055,0.258674,347,1485
2026-06-26,2026-07-10,14,706.52,707.0,0.274772,0.289894,0.259651,209,3056
2026-06-26,2026-07-17,21,706.52,707.0,0.279213,0.295722,0.262703,612,1237
2026-06-26,2026-07-24,28,706.52,707.0,0.276741,0.294715,0.258766,114,1631
2026-06-26,2026-07-31,35,706.52,707.0,0.279014,0.298194,0.259834,178,375
2026-06-26,2026-08-21,56,706.52,705.0,0.273887,0.296577,0.251198,1997,30689
2026-06-26,2026-08-31,66,706.52,707.0,0.270469,0.294334,0.246605,38,114
2026-06-26,2026-09-18,84,706.52,705.0,0.271671,0.298461,0.244881,3787,4423
2026-06-26,2026-09-30,96,706.52,705.0,0.270958,0.298103,0.243812,297,98
2026-06-26,2026-10-16,112,706.52,705.0,0.271431,0.301231,0.241631,638,2398
2026-06-26,2026-12-18,175,706.52,705.0,0.273677,0.31005,0.237305,2254,1114
2026-06-26,2026-12-31,188,706.52,705.0,0.272033,0.306739,0.237328,1985,271
2026-06-26,2027-01-15,203,706.52,705.0,0.271728,0.308288,0.235168,1293,930
2026-06-26,2027-03-19,266,706.52,705.0,0.274562,0.319183,0.229942,549,2068
2026-06-26,2027-03-31,278,706.52,705.0,0.277042,0.320235,0.233849,292,1755
2026-06-26,2027-06-17,356,706.52,705.0,0.280269,0.328704,0.231834,1455,2684
2026-06-26,2027-09-17,448,706.52,705.0,0.279491,0.332709,0.226273,281,292
2026-06-26,2027-12-17,539,706.52,705.0,0.280172,0.337554,0.22279,222,184
2026-06-26,2028-01-21,574,706.52,705.0,0.281082,0.338393,0.22377,71,71
2026-06-26,2028-06-16,721,706.52,705.0,0.283102,0.347319,0.218884,229,53
2026-06-26,2028-12-15,903,706.52,705.0,0.284347,0.354743,0.213951,101,17
2026-06-29,2026-06-29,0,724.08,724.0,0.031321,0.013682,0.04896,1259,398
2026-06-29,2026-06-30,1,724.08,724.0,0.188241,0.17817,0.198311,447,442
2026-06-29,2026-07-01,2,724.08,724.0,0.220162,0.214607,0.225716,144,417
2026-06-29,2026-07-02,3,724.08,724.0,0.245064,0.24604,0.244087,535,454
2026-06-29,2026-07-06,7,724.08,724.0,0.213845,0.215584,0.212105,225,121
2026-06-29,2026-07-07,8,724.08,724.0,0.223015,0.225746,0.220284,88,6
2026-06-29,2026-07-08,9,724.08,724.0,0.231758,0.235298,0.228218,26,5
2026-06-29,2026-07-09,10,724.08,724.0,0.243111,0.243111,,10,
2026-06-29,2026-07-10,11,724.08,724.0,0.246025,0.252205,0.239845,284,654
2026-06-29,2026-07-17,18,724.08,724.0,0.256614,0.265999,0.24723,2796,794
2026-06-29,2026-07-24,25,724.08,724.0,0.256561,0.268272,0.24485,78,75
2026-06-29,2026-07-31,32,724.08,724.0,0.262352,0.276603,0.2481,70,67
2026-06-29,2026-08-07,39,724.08,724.0,0.246498,,0.246498,,10
2026-06-29,2026-08-21,53,724.08,725.0,0.257736,0.275749,0.239723,3861,4925
2026-06-29,2026-08-31,63,724.08,724.0,0.259369,0.278648,0.240089,57,81
2026-06-29,2026-09-18,81,724.08,725.0,0.258728,0.281593,0.235863,6764,3517
2026-06-29,2026-09-30,93,724.08,724.0,0.259704,0.282203,0.237206,30,3
2026-06-29,2026-10-16,109,724.08,725.0,0.260654,0.285888,0.23542,1974,1008
2026-06-29,2026-12-18,172,724.08,725.0,0.264831,0.297622,0.23204,3422,3119
2026-06-29,2026-12-31,185,724.08,725.0,0.265125,0.297508,0.232742,659,1127
2026-06-29,2027-01-15,200,724.08,725.0,0.265182,0.299079,0.231285,6184,1091
2026-06-29,2027-03-19,263,724.08,725.0,0.267292,0.307128,0.227455,1851,2394
2026-06-29,2027-03-31,275,724.08,725.0,0.268367,0.308959,0.227776,328,384
2026-06-29,2027-06-17,353,724.08,725.0,0.27275,0.319869,0.225632,2018,10604
2026-06-29,2027-09-17,445,724.08,725.0,0.275051,0.326766,0.223335,553,1677
2026-06-29,2027-12-17,536,724.08,725.0,0.276016,0.331962,0.22007,411,868
2026-06-29,2028-01-21,571,724.08,725.0,0.27584,0.332389,0.219292,148,1019
2026-06-29,2028-06-16,718,724.08,725.0,0.277496,0.340674,0.214318,196,257
2026-06-29,2028-12-15,900,724.08,725.0,0.279007,0.348677,0.209336,206,21
2026-06-30,2026-06-30,0,736.4,736.0,0.055674,,0.055674,2129,154
2026-06-30,2026-07-01,1,736.4,736.0,0.166329,0.1493,0.183358,1078,229
2026-06-30,2026-07-02,2,736.4,736.0,0.203102,0.193673,0.212532,952,705
2026-06-30,2026-07-06,6,736.4,736.0,0.177849,0.172799,0.1829,235,45
2026-06-30,2026-07-07,7,736.4,736.0,0.186226,0.186226,,221,
2026-06-30,2026-07-08,8,736.4,736.0,0.199135,0.196419,0.201851,95,2
2026-06-30,2026-07-09,9,736.4,736.0,0.205056,0.205056,,66,
2026-06-30,2026-07-10,10,736.4,736.0,0.214455,0.214913,0.213997,433,342
2026-06-30,2026-07-17,17,736.4,736.0,0.22892,0.233192,0.224648,2138,1698
2026-06-30,2026-07-24,24,736.4,736.0,0.23278,0.240425,0.225136,278,115
2026-06-30,2026-07-31,31,736.4,736.0,0.241646,0.251503,0.231789,145,600
2026-06-30,2026-08-07,38,736.4,736.0,0.255226,0.255226,,27,
2026-06-30,2026-08-21,52,736.4,735.0,0.245117,0.260383,0.229851,2598,2028
2026-06-30,2026-08-31,62,736.4,736.0,0.245888,0.262581,0.229195,39,78
2026-06-30,2026-09-18,80,736.4,735.0,0.25058,0.271385,0.229775,6462,2692
2026-06-30,2026-09-30,92,736.4,736.0,0.252075,0.273536,0.230614,29,3
2026-06-30,2026-10-16,108,736.4,735.0,0.258568,0.285194,0.231941,1044,425
2026-06-30,2026-12-18,171,736.4,735.0,0.264293,0.296829,0.231758,7094,4089
2026-06-30,2026-12-31,184,736.4,735.0,0.263275,0.294242,0.232307,7410,6472
2026-06-30,2027-01-15,199,736.4,735.0,0.264381,0.297195,0.231567,1821,1372
2026-06-30,2027-03-19,262,736.4,735.0,0.268943,0.31005,0.227837,3802,2673
2026-06-30,2027-03-31,274,736.4,735.0,0.271099,0.310737,0.231461,762,166
2026-06-30,2027-06-17,352,736.4,735.0,0.275886,0.32215,0.229622,1733,320
2026-06-30,2027-09-17,444,736.4,735.0,0.275406,0.32669,0.224121,186,1375
2026-06-30,2027-12-17,535,736.4,735.0,0.276231,0.331893,0.22057,923,374
2026-06-30,2028-01-21,570,736.4,735.0,0.276687,0.332679,0.220696,119,306
2026-06-30,2028-06-16,717,736.4,735.0,0.277752,0.340236,0.215267,286,116
2026-06-30,2028-12-15,899,736.4,735.0,0.277628,0.346457,0.208798,37,404
2026-07-01,2026-07-01,0,725.17,725.0,0.030283,0.016245,0.044321,16266,2970
2026-07-01,2026-07-02,1,725.17,725.0,0.190041,0.190743,0.189339,6727,5070
2026-07-01,2026-07-06,5,725.17,725.0,0.165414,0.166207,0.16462,780,959
2026-07-01,2026-07-07,6,725.17,725.0,0.182229,0.18409,0.180367,496,245
2026-07-01,2026-07-08,7,725.17,725.0,0.195443,0.198128,0.192757,344,2186
2026-07-01,2026-07-09,8,725.17,725.0,0.206292,0.209023,0.20356,816,42
2026-07-01,2026-07-10,9,725.17,725.0,0.216698,0.221474,0.211922,2595,2607
2026-07-01,2026-07-17,16,725.17,725.0,0.233574,0.24131,0.225838,9764,17825
2026-07-01,2026-07-24,23,725.17,725.0,0.238182,0.248543,0.227821,1002,2069
2026-07-01,2026-07-31,30,725.17,725.0,0.245895,0.258796,0.232994,1840,1782
2026-07-01,2026-08-07,37,725.17,725.0,0.247291,0.262047,0.232536,40,55
2026-07-01,2026-08-21,51,725.17,725.0,0.247703,0.265541,0.229866,3060,4994
2026-07-01,2026-08-31,61,725.17,725.0,0.248093,0.266853,0.229332,494,303
2026-07-01,2026-09-18,79,725.17,725.0,0.251655,0.274345,0.228966,6735,3725
2026-07-01,2026-09-30,91,725.17,725.0,0.251125,0.272934,0.229317,1944,445
2026-07-01,2026-10-16,107,725.17,725.0,0.254738,0.279228,0.230248,2003,1091
2026-07-01,2026-12-18,170,725.17,725.0,0.262859,0.295104,0.230614,3478,3111
2026-07-01,2026-12-31,183,725.17,725.0,0.264457,0.296867,0.232048,722,1130
2026-07-01,2027-01-15,198,725.17,725.0,0.264625,0.299064,0.230187,6263,1175
2026-07-01,2027-03-19,261,725.17,725.0,0.268112,0.30854,0.227684,1852,2425
2026-07-01,2027-03-31,273,725.17,725.0,0.269828,0.310355,0.229302,332,384
2026-07-01,2027-06-17,351,725.17,725.0,0.274063,0.320373,0.227753,2030,10612
2026-07-01,2027-09-17,443,725.17,725.0,0.274772,0.325484,0.22406,553,1677
2026-07-01,2027-12-17,534,725.17,725.0,0.27552,0.330627,0.220413,411,868
2026-07-01,2028-01-21,569,725.17,725.0,0.276117,0.332595,0.219639,148,1021
2026-07-01,2028-06-16,716,725.17,725.0,0.275777,0.338237,0.213318,195,362
2026-07-01,2028-12-15,898,725.17,725.0,0.276842,0.346408,0.207276,205,21
2026-07-02,2026-07-02,0,712.6,713.0,0.02363,0.030405,0.016856,1130,6742
2026-07-02,2026-07-06,4,712.6,713.0,0.135598,0.139047,0.13215,142,427
2026-07-02,2026-07-07,5,712.6,713.0,0.16903,0.173531,0.164529,125,1367
2026-07-02,2026-07-08,6,712.6,713.0,0.189019,0.193947,0.18409,48,149
2026-07-02,2026-07-09,7,712.6,713.0,0.203896,0.209481,0.198311,230,99
2026-07-02,2026-07-10,8,712.6,713.0,0.217217,0.225044,0.209389,207,804
2026-07-02,2026-07-17,15,712.6,713.0,0.239098,0.249245,0.228951,690,7749
2026-07-02,2026-07-24,22,712.6,713.0,0.244621,0.256782,0.23246,96,217
2026-07-02,2026-07-31,29,712.6,713.0,0.252617,0.266823,0.238411,309,200
2026-07-02,2026-08-07,36,712.6,713.0,0.253326,0.269203,0.23745,59,104
2026-07-02,2026-08-21,50,712.6,715.0,0.250954,0.269447,0.23246,1959,4028
2026-07-02,2026-08-31,60,712.6,713.0,0.253364,0.273124,0.233604,32,52
2026-07-02,2026-09-18,78,712.6,715.0,0.253975,0.277214,0.230736,4508,8540
2026-07-02,2026-09-30,90,712.6,713.0,0.255127,0.277717,0.232536,255,25
2026-07-02,2026-10-16,106,712.6,715.0,0.255939,0.280456,0.231422,1950,2868
2026-07-02,2026-12-18,169,712.6,715.0,0.263504,0.295844,0.231163,5186,994
2026-07-02,2026-12-31,182,712.6,715.0,0.263263,0.295455,0.231072,1087,780
2026-07-02,2027-01-15,197,712.6,715.0,0.264168,0.29824,0.230095,1482,1587
2026-07-02,2027-03-19,260,712.6,715.0,0.267193,0.307006,0.227379,195,996
2026-07-02,2027-03-31,272,712.6,715.0,0.270046,0.310172,0.22992,815,144
2026-07-02,2027-06-17,350,712.6,715.0,0.272182,0.318549,0.225815,3151,1046
2026-07-02,2027-09-17,442,712.6,715.0,0.275413,0.325942,0.224884,473,146
2026-07-02,2027-12-17,533,712.6,715.0,0.275936,0.330764,0.221108,618,692
2026-07-02,2028-01-21,568,712.6,715.0,0.276477,0.333289,0.219666,164,710
2026-07-02,2028-06-16,715,712.6,715.0,0.279106,0.342078,0.216133,237,21
2026-07-02,2028-12-15,897,712.6,715.0,0.279134,0.348227,0.210041,125,294
2026-07-03,2026-07-06,3,712.6,713.0,0.151559,0.155404,0.147714,142,427
2026-07-03,2026-07-07,4,712.6,713.0,0.185189,0.190133,0.180245,125,1367
2026-07-03,2026-07-08,5,712.6,713.0,0.20414,0.209481,0.1988,48,149
2026-07-03,2026-07-09,6,712.6,713.0,0.217995,0.223946,0.212044,230,99
2026-07-03,2026-07-10,7,712.6,713.0,0.230385,0.238686,0.222084,207,804
2026-07-03,2026-07-17,14,712.6,713.0,0.246941,0.257423,0.236458,690,7749
2026-07-03,2026-07-24,21,712.6,713.0,0.250114,0.26255,0.237679,96,217
2026-07-03,2026-07-31,28,712.6,713.0,0.25692,0.27137,0.24247,309,200
2026-07-03,2026-08-07,35,712.6,713.0,0.256828,0.272926,0.24073,59,104
2026-07-03,2026-08-21,49,712.6,715.0,0.253456,0.272133,0.234779,1959,4028
2026-07-03,2026-08-31,59,712.6,713.0,0.255462,0.275383,0.235542,32,52
2026-07-03,2026-09-18,77,712.6,715.0,0.255592,0.278984,0.232201,4508,8540
2026-07-03,2026-09-30,89,712.6,713.0,0.256538,0.279258,0.233818,255,25
2026-07-03,2026-10-16,105,712.6,715.0,0.257149,0.281776,0.232521,1950,2868
2026-07-03,2026-12-18,168,712.6,715.0,0.264278,0.296714,0.231842,5186,994
2026-07-03,2026-12-31,181,712.6,715.0,0.263984,0.296272,0.231697,1087,780
2026-07-03,2027-01-15,196,712.6,715.0,0.264831,0.298988,0.230675,1482,1587
2026-07-03,2027-03-19,259,712.6,715.0,0.267708,0.307601,0.227814,195,996
2026-07-03,2027-03-31,271,712.6,715.0,0.270546,0.310745,0.230347,815,144
2026-07-03,2027-06-17,349,712.6,715.0,0.272571,0.319007,0.226135,3151,1046
2026-07-03,2027-09-17,441,712.6,715.0,0.27573,0.326316,0.225144,473,146
2026-07-03,2027-12-17,532,712.6,715.0,0.276197,0.331077,0.221317,618,692
2026-07-03,2028-01-21,567,712.6,715.0,0.27672,0.333583,0.219856,164,710
2026-07-03,2028-06-16,714,712.6,715.0,0.2793,0.342318,0.216282,237,21
2026-07-03,2028-12-15,896,712.6,715.0,0.279293,0.348426,0.21016,125,294
2026-07-06,2026-07-06,0,722.82,723.0,0.01887,0.024668,0.013071,1733,735
2026-07-06,2026-07-07,1,722.82,723.0,0.145883,0.151254,0.140512,660,341
2026-07-06,2026-07-08,2,722.82,723.0,0.175912,0.181649,0.170174,540,466
2026-07-06,2026-07-09,3,722.82,723.0,0.189095,0.195382,0.182808,337,488
2026-07-06,2026-07-10,4,722.82,723.0,0.201729,0.210884,0.192574,691,728
2026-07-06,2026-07-13,7,722.82,723.0,0.185952,0.193673,0.178231,41,72
2026-07-06,2026-07-14,8,722.82,723.0,0.199395,0.207772,0.191018,18,30
2026-07-06,2026-07-15,9,722.82,723.0,0.206765,0.21534,0.198189,24,21
2026-07-06,2026-07-16,10,722.82,725.0,0.208718,0.217507,0.199929,295,97
2026-07-06,2026-07-17,11,722.82,723.0,0.220604,0.230995,0.210213,2164,2034
2026-07-06,2026-07-24,18,722.82,723.0,0.226845,0.239357,0.214333,288,253
2026-07-06,2026-07-31,25,722.82,723.0,0.238884,0.253212,0.224556,155,299
2026-07-06,2026-08-07,32,722.82,723.0,0.240494,0.256492,0.224495,122,54
2026-07-06,2026-08-14,39,722.82,723.0,0.259483,0.259483,,3,
2026-07-06,2026-08-21,46,722.82,725.0,0.238609,0.257072,0.220146,3196,5009
2026-07-06,2026-08-31,56,722.82,723.0,0.24218,0.261802,0.222557,165,114
2026-07-06,2026-09-18,74,722.82,725.0,0.243874,0.266853,0.220894,6806,3795
2026-07-06,2026-09-30,86,722.82,723.0,0.245781,0.268242,0.22332,12,15
2026-07-06,2026-10-16,102,722.82,725.0,0.248276,0.273368,0.223183,2064,1025
2026-07-06,2026-12-18,165,722.82,725.0,0.257263,0.289833,0.224693,3508,3115
2026-07-06,2026-12-31,178,722.82,725.0,0.257229,0.289489,0.224968,663,1126
2026-07-06,2027-01-15,193,722.82,725.0,0.258323,0.292015,0.224632,6228,1149
2026-07-06,2027-02-19,228,722.82,725.0,0.298019,0.298019,,3,
2026-07-06,2027-03-19,256,722.82,725.0,0.262958,0.302924,0.222992,1823,2421
2026-07-06,2027-03-31,268,722.82,725.0,0.265686,0.308334,0.223038,328,384
2026-07-06,2027-06-17,346,722.82,725.0,0.271141,0.317886,0.224396,1971,10611
2026-07-06,2027-06-30,359,722.82,725.0,0.273063,0.317458,0.228668,5,1
2026-07-06,2027-09-17,438,722.82,725.0,0.27297,0.324123,0.221817,570,1677
2026-07-06,2027-12-17,529,722.82,725.0,0.273792,0.329162,0.218422,414,868
2026-07-06,2028-01-21,564,722.82,725.0,0.272833,0.329417,0.216248,148,1021
2026-07-06,2028-06-16,711,722.82,725.0,0.27403,0.3366,0.21146,195,362
2026-07-06,2028-12-15,893,722.82,725.0,0.275791,0.344909,0.206673,209,23
2026-07-07,2026-07-07,0,709.43,709.0,0.040171,0.065439,0.014902,418,1478
2026-07-07,2026-07-08,1,709.43,709.0,0.188424,0.204903,0.171944,122,520
2026-07-07,2026-07-09,2,709.43,709.0,0.215309,0.228951,0.201668,1516,308
2026-07-07,2026-07-10,3,709.43,709.0,0.229012,0.244514,0.213509,164,2195
2026-07-07,2026-07-13,6,709.43,709.0,0.203225,0.215706,0.190743,234,174
2026-07-07,2026-07-14,7,709.43,709.0,0.2165,0.229256,0.203743,10,50
2026-07-07,2026-07-15,8,709.43,709.0,0.22506,0.237312,0.212807,25,35
2026-07-07,2026-07-16,9,709.43,710.0,0.228615,0.241402,0.215828,61,828
2026-07-07,2026-07-17,10,709.43,709.0,0.238289,0.25251,0.224068,2926,16876
2026-07-07,2026-07-24,17,709.43,709.0,0.241936,0.257271,0.226601,198,982
2026-07-07,2026-07-31,24,709.43,709.0,0.251152,0.268013,0.234291,364,659
2026-07-07,2026-08-07,31,709.43,709.0,0.25103,0.269508,0.232552,322,22
2026-07-07,2026-08-14,38,709.43,710.0,0.249382,0.268593,0.230171,185,90
2026-07-07,2026-08-21,45,709.43,710.0,0.247749,0.268516,0.226982,5197,16098
2026-07-07,2026-08-31,55,709.43,709.0,0.248642,0.271537,0.225746,16,70
2026-07-07,2026-09-18,73,709.43,710.0,0.250709,0.275795,0.225624,28559,6052
2026-07-07,2026-09-30,85,709.43,709.0,0.252315,0.275566,0.229065,15,23
2026-07-07,2026-10-16,101,709.43,710.0,0.253647,0.280235,0.227059,1263,677
2026-07-07,2026-12-18,164,709.43,710.0,0.261196,0.294753,0.227638,4044,2458
2026-07-07,2026-12-31,177,709.43,710.0,0.26316,0.297004,0.229317,1783,1660
2026-07-07,2027-01-15,192,709.43,710.0,0.263561,0.298507,0.228615,1496,1225
2026-07-07,2027-02-19,227,709.43,710.0,0.265114,0.302963,0.227265,1,3
2026-07-07,2027-03-19,255,709.43,710.0,0.267029,0.307754,0.226303,2610,1074
2026-07-07,2027-03-31,267,709.43,710.0,0.268142,0.31063,0.225655,260,462
2026-07-07,2027-06-17,345,709.43,710.0,0.271944,0.319255,0.224632,2719,3095
2026-07-07,2027-06-30,358,709.43,710.0,0.322791,0.322791,,9,
2026-07-07,2027-09-17,437,709.43,710.0,0.275152,0.327376,0.222927,715,705
2026-07-07,2027-12-17,528,709.43,710.0,0.275758,0.332225,0.219292,901,2169
2026-07-07,2028-01-21,563,709.43,710.0,0.276443,0.334075,0.218811,188,167
2026-07-07,2028-06-16,710,709.43,710.0,0.27786,0.34162,0.2141,173,118
2026-07-07,2028-12-15,892,709.43,710.0,0.279836,0.350299,0.209374,150,317
2026-07-08,2026-07-08,0,711.44,711.0,0.0608,,0.0608,1883,1633
2026-07-08,2026-07-09,1,711.44,711.0,0.183816,0.162118,0.205513,1008,354
2026-07-08,2026-07-10,2,711.44,711.0,0.211983,0.197396,0.22657,638,483
2026-07-08,2026-07-13,5,711.44,711.0,0.189766,0.18055,0.198983,975,1057
2026-07-08,2026-07-14,6,711.44,711.0,0.206337,0.198677,0.213997,453,256
2026-07-08,2026-07-15,7,711.44,711.0,0.215065,0.208748,0.221382,213,106
2026-07-08,2026-07-16,8,711.44,710.0,0.223335,0.218147,0.228523,370,826
2026-07-08,2026-07-17,9,711.44,711.0,0.230263,0.22715,0.233376,28796,9004
2026-07-08,2026-07-20,12,711.44,711.0,0.2183,0.216408,0.220192,74,21
2026-07-08,2026-07-21,13,711.44,710.0,0.224877,0.223763,0.22599,255,93
2026-07-08,2026-07-24,16,711.44,711.0,0.237709,0.239571,0.235847,258,276
2026-07-08,2026-07-31,23,711.44,711.0,0.248527,0.253853,0.243202,266,1534
2026-07-08,2026-08-07,30,711.44,711.0,0.248436,0.256386,0.240486,116,139
2026-07-08,2026-08-14,37,711.44,711.0,0.248718,0.258674,0.238762,44,9
2026-07-08,2026-08-21,44,711.44,710.0,0.248413,0.260139,0.236687,5580,15937
2026-07-08,2026-08-31,54,711.44,711.0,0.24723,0.260719,0.233742,147,102
2026-07-08,2026-09-18,72,711.44,710.0,0.251434,0.268913,0.233955,28473,7833
2026-07-08,2026-09-30,84,711.44,711.0,0.250366,0.267646,0.233086,81,8
2026-07-08,2026-10-16,100,711.44,710.0,0.254001,0.274032,0.233971,1301,700
2026-07-08,2026-12-18,163,711.44,710.0,0.26197,0.290809,0.233131,4065,2465
2026-07-08,2026-12-31,176,711.44,710.0,0.261802,0.290351,0.233254,1807,1662
2026-07-08,2027-01-15,191,711.44,710.0,0.262707,0.293441,0.231972,1525,1222
2026-07-08,2027-02-19,226,711.44,710.0,0.263977,0.298034,0.22992,9,6
2026-07-08,2027-03-19,254,711.44,710.0,0.26667,0.304527,0.228813,2628,1074
2026-07-08,2027-03-31,266,711.44,710.0,0.269157,0.306663,0.231651,263,463
2026-07-08,2027-06-17,344,711.44,710.0,0.273876,0.318542,0.22921,2738,3246
2026-07-08,2027-06-30,357,711.44,710.0,0.31771,0.31771,,36,
2026-07-08,2027-09-17,436,711.44,710.0,0.275837,0.325263,0.22641,723,705
2026-07-08,2027-12-17,527,711.44,710.0,0.276441,0.33055,0.222332,901,2169
2026-07-08,2028-01-21,562,711.44,710.0,0.27627,0.33097,0.221569,199,167
2026-07-08,2028-06-16,709,711.44,710.0,0.27699,0.338748,0.215233,175,124
2026-07-08,2028-12-15,891,711.44,710.0,0.278987,0.347632,0.210343,194,318
2026-07-09,2026-07-09,0,723.28,723.0,0.0431,0.0431,,2033,625
2026-07-09,2026-07-10,1,723.28,723.0,0.164498,0.177376,0.15162,1377,545
2026-07-09,2026-07-13,4,723.28,723.0,0.156197,0.16462,0.147775,403,141
2026-07-09,2026-07-14,5,723.28,723.0,0.178002,0.18705,0.168954,494,101
2026-07-09,2026-07-15,6,723.28,723.0,0.18998,0.199227,0.180733,105,156
2026-07-09,2026-07-16,7,723.28,725.0,0.194573,0.203926,0.185219,482,186
2026-07-09,2026-07-17,8,723.28,723.0,0.209023,0.22004,0.198006,2471,3043
2026-07-09,2026-07-20,11,723.28,723.0,0.198906,0.209297,0.188515,28,3
2026-07-09,2026-07-21,12,723.28,725.0,0.201195,0.21183,0.19056,135,32
2026-07-09,2026-07-24,15,723.28,723.0,0.222435,0.235085,0.209786,337,243
2026-07-09,2026-07-31,22,723.28,723.0,0.237267,0.252022,0.222511,189,709
2026-07-09,2026-08-07,29,723.28,723.0,0.238899,0.254768,0.22303,159,69
2026-07-09,2026-08-14,36,723.28,723.0,0.240822,0.257942,0.223702,20,100
2026-07-09,2026-08-21,43,723.28,725.0,0.237648,0.256172,0.219124,3828,5349
2026-07-09,2026-08-31,53,723.28,723.0,0.241203,0.260505,0.221901,162,108
2026-07-09,2026-09-18,71,723.28,725.0,0.244987,0.267372,0.222603,6935,3816
2026-07-09,2026-09-30,83,723.28,723.0,0.247299,0.269066,0.225533,25,16
2026-07-09,2026-10-16,99,723.28,725.0,0.248863,0.273124,0.224602,2136,1028
2026-07-09,2026-12-18,162,723.28,725.0,0.257339,0.289077,0.225601,3640,3299
2026-07-09,2026-12-31,175,723.28,725.0,0.257515,0.289817,0.225212,665,1128
2026-07-09,2027-01-15,190,723.28,725.0,0.258373,0.291999,0.224747,6204,1155
2026-07-09,2027-02-19,225,723.28,725.0,0.259792,0.296798,0.222786,11,28
2026-07-09,2027-03-19,253,723.28,725.0,0.262035,0.30178,0.22229,1825,2476
2026-07-09,2027-03-31,265,723.28,725.0,0.264892,0.305106,0.224678,322,396
2026-07-09,2027-06-17,343,723.28,725.0,0.266882,0.313762,0.220001,2076,10618
2026-07-09,2027-06-30,356,723.28,725.0,0.270649,0.317344,0.223953,33,2
2026-07-09,2027-09-17,435,723.28,725.0,0.272419,0.323852,0.220986,571,1672
2026-07-09,2027-12-17,526,723.28,725.0,0.273288,0.329139,0.217438,416,868
2026-07-09,2028-01-21,561,723.28,725.0,0.274185,0.330962,0.217407,162,1022
2026-07-09,2028-06-16,708,723.28,725.0,0.273893,0.336619,0.211167,196,360
2026-07-09,2028-12-15,890,723.28,725.0,0.274465,0.343699,0.205231,220,24
